{"metadata":{"asset_id":"d7daa492-3612-4c50-80e5-bae06247fd74","asset_attributes":["data_asset"],"name":"BASKETS1n.csv","asset_type":"data_asset","created_at":"2021-05-25T16:02:23Z","description":"Fictitious data for the contents of supermarket carts (items bought together) plus the associated personal data of purchasers, which might be acquired via a loyalty card scheme. The goal is to discover groups of customers who buy similar products and can be characterized demographically.","origin_country":"us","owner_id":"IBMid-1100005S9W","project_id":"be1592ba-e652-4b32-a6d0-8b3818f20400","size":56038,"tags":[],"usage":{"last_update_time":1621958545049,"last_updated_at":"2021-05-25T16:02:25Z"}},"entity":{"data_asset":{"mime_type":"text/csv","dataset":false}},"attachments":[{"id":"b531bcf2-2cca-4fce-a8d9-46ea9c2e4c20","version":2,"asset_type":"data_asset","name":"BASKETS1n.csv","mime":"text/csv","datasource_type":"193a97c1-4475-4a19-b90c-295c4fdc6517","object_key":"BASKETS1n.csv","creator_id":"iam-ServiceId-f49c5558-c247-4983-a04f-7d3c7a3d55da","create_time":1621958544786,"size":56038,"is_remote":false,"is_managed":false,"is_referenced":true,"is_object_key_read_only":false,"is_user_provided_path_key":true,"transfer_complete":true,"is_partitioned":false,"complete_time_ticks":1621958544786,"user_data":{},"test_doc":0,"handle":{"bucket":"modelertutorials-donotdelete-pr-cfqip78n8cdrdv","location":"us-geo","key":"BASKETS1n.csv","upload_id":"done","max_part_num":1},"usage":{"access_count":0,"last_accessor_id":"iam-ServiceId-f49c5558-c247-4983-a04f-7d3c7a3d55da","last_access_time":1621958544786}}]}
