{"metadata":{"asset_id":"870c463d-37d3-4688-bde3-d5c749a46c28","asset_attributes":["data_asset"],"name":"broadband_1.csv","asset_type":"data_asset","created_at":"2021-05-07T13:48:37Z","description":"Fictitious monthly usage data for each of a national broadband provider's 85 local markets. The DATE field indicates the month and year for each record.","origin_country":"us","owner_id":"IBMid-27000414FP","project_id":"787bcdbd-b03e-45c4-94af-2b342fa48c74","size":30848,"tags":[],"usage":{"last_update_time":1620398569326,"last_updated_at":"2021-05-07T14:42:49Z"}},"entity":{"data_asset":{"mime_type":"text/csv","dataset":false}},"attachments":[{"id":"df1fa7b9-a96b-4452-893e-cb219e0fab4f","version":2,"asset_type":"data_asset","name":"broadband_1.csv","mime":"text/csv","datasource_type":"193a97c1-4475-4a19-b90c-295c4fdc6517","object_key":"broadband_1.csv","creator_id":"IBMid-27000414FP","create_time":1620395318309,"size":30848,"is_remote":false,"is_managed":false,"is_referenced":true,"is_object_key_read_only":true,"is_user_provided_path_key":true,"transfer_complete":true,"is_partitioned":false,"complete_time_ticks":1620395318309,"user_data":{},"test_doc":0,"handle":{"bucket":"exampleproject-donotdelete-pr-yeuibepoupehg9","location":"us-geo","key":"broadband_1.csv","upload_id":"done","max_part_num":1},"usage":{"access_count":0,"last_accessor_id":"IBMid-27000414FP","last_access_time":1620395318309}}]}
