{"metadata":{"asset_id":"3b3b3845-a2ea-4eef-a34f-1ce2c64a6c18","asset_attributes":["data_asset"],"name":"catalog_seasfac.csv","asset_type":"data_asset","created_at":"2021-05-25T16:02:24Z","description":"A fictitious catalog company's sales data for 10 years. The goal is to forecast monthly sales for their men's clothing line based on this data.","origin_country":"us","owner_id":"IBMid-1100005S9W","project_id":"be1592ba-e652-4b32-a6d0-8b3818f20400","size":16908,"tags":[],"usage":{"last_update_time":1621958544957,"last_updated_at":"2021-05-25T16:02:24Z"}},"entity":{"data_asset":{"mime_type":"text/csv","dataset":false}},"attachments":[{"id":"a270d9c9-30b0-44b7-b7b9-adb5351abcf3","version":2,"asset_type":"data_asset","name":"catalog_seasfac.csv","mime":"text/csv","datasource_type":"193a97c1-4475-4a19-b90c-295c4fdc6517","object_key":"catalog_seasfac.csv","creator_id":"iam-ServiceId-f49c5558-c247-4983-a04f-7d3c7a3d55da","create_time":1621958544625,"size":16908,"is_remote":false,"is_managed":false,"is_referenced":true,"is_object_key_read_only":false,"is_user_provided_path_key":true,"transfer_complete":true,"is_partitioned":false,"complete_time_ticks":1621958544625,"user_data":{},"test_doc":0,"handle":{"bucket":"modelertutorials-donotdelete-pr-cfqip78n8cdrdv","location":"us-geo","key":"catalog_seasfac.csv","upload_id":"done","max_part_num":1},"usage":{"access_count":0,"last_accessor_id":"iam-ServiceId-f49c5558-c247-4983-a04f-7d3c7a3d55da","last_access_time":1621958544625}}]}
