{"metadata":{"asset_id":"47549b6a-0e77-4fa6-88da-7988f3e0025b","asset_attributes":["data_asset"],"name":"GOODS2n.csv","asset_type":"data_asset","created_at":"2021-05-07T13:48:45Z","description":"Each record contains Class (product type), Cost (unit price), Promotion (index of amount spent on a particular promotion), Before (revenue before promotion), and After (revenue after promotion).","origin_country":"us","owner_id":"IBMid-27000414FP","project_id":"787bcdbd-b03e-45c4-94af-2b342fa48c74","size":12881,"tags":[],"usage":{"last_update_time":1620399447106,"last_updated_at":"2021-05-07T14:57:27Z"}},"entity":{"data_asset":{"mime_type":"text/csv","dataset":false}},"attachments":[{"id":"227986ac-969e-448d-80f3-79aeae2924f2","version":2,"asset_type":"data_asset","name":"GOODS2n.csv","mime":"text/csv","datasource_type":"193a97c1-4475-4a19-b90c-295c4fdc6517","object_key":"GOODS2n.csv","creator_id":"IBMid-27000414FP","create_time":1620395326302,"size":12881,"is_remote":false,"is_managed":false,"is_referenced":true,"is_object_key_read_only":true,"is_user_provided_path_key":true,"transfer_complete":true,"is_partitioned":false,"complete_time_ticks":1620395326302,"user_data":{},"test_doc":0,"handle":{"bucket":"exampleproject-donotdelete-pr-yeuibepoupehg9","location":"us-geo","key":"GOODS2n.csv","upload_id":"done","max_part_num":1},"usage":{"access_count":0,"last_accessor_id":"IBMid-27000414FP","last_access_time":1620395326302}}]}
