{"metadata":{"asset_id":"1b446270-9b32-4179-be99-edf4c4d7c521","asset_attributes":["data_asset"],"name":"DRUG1n.csv","asset_type":"data_asset","created_at":"2021-05-07T13:48:44Z","description":"Fictitious data.","origin_country":"us","owner_id":"IBMid-27000414FP","project_id":"787bcdbd-b03e-45c4-94af-2b342fa48c74","size":8028,"tags":[],"usage":{"last_update_time":1620399420839,"last_updated_at":"2021-05-07T14:57:00Z"}},"entity":{"data_asset":{"mime_type":"text/csv","dataset":false}},"attachments":[{"id":"7799e66a-3dca-498a-a783-463c93166be1","version":2,"asset_type":"data_asset","name":"DRUG1n.csv","mime":"text/csv","datasource_type":"193a97c1-4475-4a19-b90c-295c4fdc6517","object_key":"DRUG1n.csv","creator_id":"IBMid-27000414FP","create_time":1620395325624,"size":8028,"is_remote":false,"is_managed":false,"is_referenced":true,"is_object_key_read_only":true,"is_user_provided_path_key":true,"transfer_complete":true,"is_partitioned":false,"complete_time_ticks":1620395325624,"user_data":{},"test_doc":0,"handle":{"bucket":"exampleproject-donotdelete-pr-yeuibepoupehg9","location":"us-geo","key":"DRUG1n.csv","upload_id":"done","max_part_num":1},"usage":{"access_count":0,"last_accessor_id":"IBMid-27000414FP","last_access_time":1620395325624}}]}
