{"metadata":{"asset_id":"a1054d0c-c3e2-4641-80b0-dde717a32cba","asset_attributes":["data_asset"],"name":"drug_long_name.csv","asset_type":"data_asset","created_at":"2021-05-07T13:48:44Z","description":"Fictitious data.","origin_country":"us","owner_id":"IBMid-27000414FP","project_id":"787bcdbd-b03e-45c4-94af-2b342fa48c74","size":69309,"tags":[],"usage":{"last_update_time":1620399141032,"last_updated_at":"2021-05-07T14:52:21Z"}},"entity":{"data_asset":{"mime_type":"text/csv","dataset":false}},"attachments":[{"id":"66504596-0931-444f-b4a7-3887aa65ba23","version":2,"asset_type":"data_asset","name":"drug_long_name.csv","mime":"text/csv","datasource_type":"193a97c1-4475-4a19-b90c-295c4fdc6517","object_key":"drug_long_name.csv","creator_id":"IBMid-27000414FP","create_time":1620395325375,"size":69309,"is_remote":false,"is_managed":false,"is_referenced":true,"is_object_key_read_only":true,"is_user_provided_path_key":true,"transfer_complete":true,"is_partitioned":false,"complete_time_ticks":1620395325375,"user_data":{},"test_doc":0,"handle":{"bucket":"exampleproject-donotdelete-pr-yeuibepoupehg9","location":"us-geo","key":"drug_long_name.csv","upload_id":"done","max_part_num":1},"usage":{"access_count":0,"last_accessor_id":"IBMid-27000414FP","last_access_time":1620395325375}}]}
