{"metadata":{"asset_id":"f8c1efba-e7b0-4b18-98f9-b329c8b36995","asset_attributes":["data_asset"],"name":"BASKETS1n.csv","asset_type":"data_asset","created_at":"2021-05-07T13:48:37Z","description":"Fictitious data for the contents of supermarket carts (items bought together) plus the associated personal data of purchasers, which might be acquired via a loyalty card scheme. The goal is to discover groups of customers who buy similar products and can be characterized demographically.","origin_country":"us","owner_id":"IBMid-27000414FP","project_id":"787bcdbd-b03e-45c4-94af-2b342fa48c74","size":56038,"tags":[],"usage":{"last_update_time":1620398603482,"last_updated_at":"2021-05-07T14:43:23Z"}},"entity":{"data_asset":{"mime_type":"text/csv","dataset":false}},"attachments":[{"id":"1de6b4ef-3b56-4e37-bdaa-853a026a1a25","version":2,"asset_type":"data_asset","name":"BASKETS1n.csv","mime":"text/csv","datasource_type":"193a97c1-4475-4a19-b90c-295c4fdc6517","object_key":"BASKETS1n.csv","creator_id":"IBMid-27000414FP","create_time":1620395318389,"size":56038,"is_remote":false,"is_managed":false,"is_referenced":true,"is_object_key_read_only":true,"is_user_provided_path_key":true,"transfer_complete":true,"is_partitioned":false,"complete_time_ticks":1620395318389,"user_data":{},"test_doc":0,"handle":{"bucket":"exampleproject-donotdelete-pr-yeuibepoupehg9","location":"us-geo","key":"BASKETS1n.csv","upload_id":"done","max_part_num":1},"usage":{"access_count":0,"last_accessor_id":"IBMid-27000414FP","last_access_time":1620395318389}}]}
