{"metadata":{"asset_id":"9529a5ff-4ed8-413e-a639-557d7c0df198","asset_attributes":["data_asset"],"name":"broadband_1.csv","asset_type":"data_asset","created_at":"2021-05-25T16:02:22Z","description":"Fictitious monthly usage data for each of a national broadband provider's 85 local markets. The DATE field indicates the month and year for each record.","origin_country":"us","owner_id":"IBMid-1100005S9W","project_id":"be1592ba-e652-4b32-a6d0-8b3818f20400","size":30848,"tags":[],"usage":{"last_update_time":1621958543711,"last_updated_at":"2021-05-25T16:02:23Z"}},"entity":{"data_asset":{"mime_type":"text/csv","dataset":false}},"attachments":[{"id":"cfd532ac-32ec-44b3-b6f6-b289485d75f2","version":2,"asset_type":"data_asset","name":"broadband_1.csv","mime":"text/csv","datasource_type":"193a97c1-4475-4a19-b90c-295c4fdc6517","object_key":"broadband_1.csv","creator_id":"iam-ServiceId-f49c5558-c247-4983-a04f-7d3c7a3d55da","create_time":1621958543428,"size":30848,"is_remote":false,"is_managed":false,"is_referenced":true,"is_object_key_read_only":false,"is_user_provided_path_key":true,"transfer_complete":true,"is_partitioned":false,"complete_time_ticks":1621958543428,"user_data":{},"test_doc":0,"handle":{"bucket":"modelertutorials-donotdelete-pr-cfqip78n8cdrdv","location":"us-geo","key":"broadband_1.csv","upload_id":"done","max_part_num":1},"usage":{"access_count":0,"last_accessor_id":"iam-ServiceId-f49c5558-c247-4983-a04f-7d3c7a3d55da","last_access_time":1621958543428}}]}
