{"metadata":{"asset_id":"6355e1d9-519e-4819-8107-8b4a5d03cd15","asset_attributes":["data_asset"],"name":"COND1n.csv","asset_type":"data_asset","created_at":"2021-05-07T13:48:37Z","description":"This data is created from a fictitious simulation and consists of a number of concatenated series measured over time. Each record is a snapshot report on the machine. Pressure of 0 is normal, and 1 is a momentary pressure warning. A Status other than 0 is an error code.","origin_country":"us","owner_id":"IBMid-27000414FP","project_id":"787bcdbd-b03e-45c4-94af-2b342fa48c74","size":55312,"tags":[],"usage":{"last_update_time":1620398673511,"last_updated_at":"2021-05-07T14:44:33Z"}},"entity":{"data_asset":{"mime_type":"text/csv","dataset":false}},"attachments":[{"id":"e45e983a-f548-43ec-b006-d7aabc24a13f","version":2,"asset_type":"data_asset","name":"COND1n.csv","mime":"text/csv","datasource_type":"193a97c1-4475-4a19-b90c-295c4fdc6517","object_key":"COND1n.csv","creator_id":"IBMid-27000414FP","create_time":1620395318545,"size":55312,"is_remote":false,"is_managed":false,"is_referenced":true,"is_object_key_read_only":true,"is_user_provided_path_key":true,"transfer_complete":true,"is_partitioned":false,"complete_time_ticks":1620395318545,"user_data":{},"test_doc":0,"handle":{"bucket":"exampleproject-donotdelete-pr-yeuibepoupehg9","location":"us-geo","key":"COND1n.csv","upload_id":"done","max_part_num":1},"usage":{"access_count":0,"last_accessor_id":"IBMid-27000414FP","last_access_time":1620395318545}}]}
