{"metadata":{"asset_id":"76d4f5f5-c07f-4182-94f5-f1c5116acc56","asset_attributes":["data_asset"],"name":"tree_credit.csv","asset_type":"data_asset","created_at":"2021-05-07T13:48:55Z","description":"A bank maintains a database of historical information about customers who have taken out loans with the bank, including whether or not they repaid the loans (Credit rating = Good) or defaulted (Credit rating = Bad).","origin_country":"us","owner_id":"IBMid-27000414FP","project_id":"787bcdbd-b03e-45c4-94af-2b342fa48c74","size":153339,"tags":[],"usage":{"last_update_time":1620398333034,"last_updated_at":"2021-05-07T14:38:53Z"}},"entity":{"data_asset":{"mime_type":"text/csv","dataset":false}},"attachments":[{"id":"55488b56-cd00-47e5-b4a2-95beb81dea2d","version":2,"asset_type":"data_asset","name":"tree_credit.csv","mime":"text/csv","datasource_type":"193a97c1-4475-4a19-b90c-295c4fdc6517","object_key":"tree_credit.csv","creator_id":"IBMid-27000414FP","create_time":1620395336286,"size":153339,"is_remote":false,"is_managed":false,"is_referenced":true,"is_object_key_read_only":true,"is_user_provided_path_key":true,"transfer_complete":true,"is_partitioned":false,"complete_time_ticks":1620395336286,"user_data":{},"test_doc":0,"handle":{"bucket":"exampleproject-donotdelete-pr-yeuibepoupehg9","location":"us-geo","key":"tree_credit.csv","upload_id":"done","max_part_num":1},"usage":{"access_count":0,"last_accessor_id":"IBMid-27000414FP","last_access_time":1620395336286}}]}
