{"metadata":{"asset_id":"d3e62295-786f-48df-af1e-88db8f8546dd","asset_attributes":["data_asset"],"name":"pm_customer_train1.csv","asset_type":"data_asset","created_at":"2021-05-07T13:48:54Z","description":"Fictitious data.","origin_country":"us","owner_id":"IBMid-27000414FP","project_id":"787bcdbd-b03e-45c4-94af-2b342fa48c74","size":2430953,"tags":[],"usage":{"last_update_time":1620398418925,"last_updated_at":"2021-05-07T14:40:18Z"}},"entity":{"data_asset":{"mime_type":"text/csv","dataset":false}},"attachments":[{"id":"cd5a0df8-8f74-4bdb-8757-223f4fc917a4","version":2,"asset_type":"data_asset","name":"pm_customer_train1.csv","mime":"text/csv","datasource_type":"193a97c1-4475-4a19-b90c-295c4fdc6517","object_key":"pm_customer_train1.csv","creator_id":"IBMid-27000414FP","create_time":1620395334793,"size":2430953,"is_remote":false,"is_managed":false,"is_referenced":true,"is_object_key_read_only":true,"is_user_provided_path_key":true,"transfer_complete":true,"is_partitioned":false,"complete_time_ticks":1620395334793,"user_data":{},"test_doc":0,"handle":{"bucket":"exampleproject-donotdelete-pr-yeuibepoupehg9","location":"us-geo","key":"pm_customer_train1.csv","upload_id":"done","max_part_num":1},"usage":{"access_count":0,"last_accessor_id":"IBMid-27000414FP","last_access_time":1620395334793}}]}
