{"metadata":{"asset_id":"5ba0793f-b1ad-4922-b1c9-ca50309e69f0","asset_attributes":["data_asset"],"name":"GOODS1n.csv","asset_type":"data_asset","created_at":"2021-05-25T16:02:22Z","description":"Each record contains Class (product type), Cost (unit price), Promotion (index of amount spent on a particular promotion), Before (revenue before promotion), and After (revenue after promotion).","origin_country":"us","owner_id":"IBMid-1100005S9W","project_id":"be1592ba-e652-4b32-a6d0-8b3818f20400","size":6436,"tags":[],"usage":{"last_update_time":1621958543905,"last_updated_at":"2021-05-25T16:02:23Z"}},"entity":{"data_asset":{"mime_type":"text/csv","dataset":false}},"attachments":[{"id":"5a4afb7e-8f1d-4f3a-9e39-7190220f4bae","version":2,"asset_type":"data_asset","name":"GOODS1n.csv","mime":"text/csv","datasource_type":"193a97c1-4475-4a19-b90c-295c4fdc6517","object_key":"GOODS1n.csv","creator_id":"iam-ServiceId-f49c5558-c247-4983-a04f-7d3c7a3d55da","create_time":1621958543538,"size":6436,"is_remote":false,"is_managed":false,"is_referenced":true,"is_object_key_read_only":false,"is_user_provided_path_key":true,"transfer_complete":true,"is_partitioned":false,"complete_time_ticks":1621958543538,"user_data":{},"test_doc":0,"handle":{"bucket":"modelertutorials-donotdelete-pr-cfqip78n8cdrdv","location":"us-geo","key":"GOODS1n.csv","upload_id":"done","max_part_num":1},"usage":{"access_count":0,"last_accessor_id":"iam-ServiceId-f49c5558-c247-4983-a04f-7d3c7a3d55da","last_access_time":1621958543538}}]}
