{"metadata":{"asset_id":"8a970dc9-2411-4b6c-a66c-d58db099a039","asset_attributes":["data_asset"],"name":"telco.csv","asset_type":"data_asset","created_at":"2021-05-25T16:02:24Z","description":"Customer data for a fictitious telecommunications company.","origin_country":"us","owner_id":"IBMid-1100005S9W","project_id":"be1592ba-e652-4b32-a6d0-8b3818f20400","size":373283,"tags":[],"usage":{"last_update_time":1621958545417,"last_updated_at":"2021-05-25T16:02:25Z"}},"entity":{"data_asset":{"mime_type":"text/csv","dataset":false}},"attachments":[{"id":"3ec5327d-98da-46f9-bda3-3a3bc13c0a17","version":2,"asset_type":"data_asset","name":"telco.csv","mime":"text/csv","datasource_type":"193a97c1-4475-4a19-b90c-295c4fdc6517","object_key":"telco.csv","creator_id":"iam-ServiceId-f49c5558-c247-4983-a04f-7d3c7a3d55da","create_time":1621958545125,"size":373283,"is_remote":false,"is_managed":false,"is_referenced":true,"is_object_key_read_only":false,"is_user_provided_path_key":true,"transfer_complete":true,"is_partitioned":false,"complete_time_ticks":1621958545125,"user_data":{},"test_doc":0,"handle":{"bucket":"modelertutorials-donotdelete-pr-cfqip78n8cdrdv","location":"us-geo","key":"telco.csv","upload_id":"done","max_part_num":1},"usage":{"access_count":0,"last_accessor_id":"iam-ServiceId-f49c5558-c247-4983-a04f-7d3c7a3d55da","last_access_time":1621958545125}}]}
