{"metadata":{"asset_id":"621cc779-da6d-48a9-b02a-71a7a1a2f50d","asset_attributes":["data_asset"],"name":"GOODS1n.csv","asset_type":"data_asset","created_at":"2021-05-07T13:48:44Z","description":"Each record contains Class (product type), Cost (unit price), Promotion (index of amount spent on a particular promotion), Before (revenue before promotion), and After (revenue after promotion).","origin_country":"us","owner_id":"IBMid-27000414FP","project_id":"787bcdbd-b03e-45c4-94af-2b342fa48c74","size":6436,"tags":[],"usage":{"last_update_time":1620399324496,"last_updated_at":"2021-05-07T14:55:24Z"}},"entity":{"data_asset":{"mime_type":"text/csv","dataset":false}},"attachments":[{"id":"08155079-7364-4bd6-a36b-b8a2f87ecef4","version":2,"asset_type":"data_asset","name":"GOODS1n.csv","mime":"text/csv","datasource_type":"193a97c1-4475-4a19-b90c-295c4fdc6517","object_key":"GOODS1n.csv","creator_id":"IBMid-27000414FP","create_time":1620395325395,"size":6436,"is_remote":false,"is_managed":false,"is_referenced":true,"is_object_key_read_only":true,"is_user_provided_path_key":true,"transfer_complete":true,"is_partitioned":false,"complete_time_ticks":1620395325395,"user_data":{},"test_doc":0,"handle":{"bucket":"exampleproject-donotdelete-pr-yeuibepoupehg9","location":"us-geo","key":"GOODS1n.csv","upload_id":"done","max_part_num":1},"usage":{"access_count":0,"last_accessor_id":"IBMid-27000414FP","last_access_time":1620395325395}}]}
