{"metadata":{"asset_id":"74742502-d7bf-49e2-ad82-979c1456f6fe","asset_attributes":["data_asset"],"name":"pm_customer_train1.csv","asset_type":"data_asset","created_at":"2021-05-25T16:02:24Z","description":"Fictitious data.","origin_country":"us","owner_id":"IBMid-1100005S9W","project_id":"be1592ba-e652-4b32-a6d0-8b3818f20400","size":2430953,"tags":[],"usage":{"last_update_time":1621958545288,"last_updated_at":"2021-05-25T16:02:25Z"}},"entity":{"data_asset":{"mime_type":"text/csv","dataset":false}},"attachments":[{"id":"09c05bc4-da8f-44ce-9f65-4d76365a3ff3","version":2,"asset_type":"data_asset","name":"pm_customer_train1.csv","mime":"text/csv","datasource_type":"193a97c1-4475-4a19-b90c-295c4fdc6517","object_key":"pm_customer_train1.csv","creator_id":"iam-ServiceId-f49c5558-c247-4983-a04f-7d3c7a3d55da","create_time":1621958545034,"size":2430953,"is_remote":false,"is_managed":false,"is_referenced":true,"is_object_key_read_only":false,"is_user_provided_path_key":true,"transfer_complete":true,"is_partitioned":false,"complete_time_ticks":1621958545034,"user_data":{},"test_doc":0,"handle":{"bucket":"modelertutorials-donotdelete-pr-cfqip78n8cdrdv","location":"us-geo","key":"pm_customer_train1.csv","upload_id":"done","max_part_num":1},"usage":{"access_count":0,"last_accessor_id":"iam-ServiceId-f49c5558-c247-4983-a04f-7d3c7a3d55da","last_access_time":1621958545034}}]}
