{"metadata":{"asset_id":"b1d4ac2b-96ac-4368-8181-65494011d5aa","asset_attributes":["data_asset"],"name":"catalog_seasfac.csv","asset_type":"data_asset","created_at":"2021-05-07T13:48:37Z","description":"A fictitious catalog company's sales data for 10 years. The goal is to forecast monthly sales for their men's clothing line based on this data.","origin_country":"us","owner_id":"IBMid-27000414FP","project_id":"787bcdbd-b03e-45c4-94af-2b342fa48c74","size":16908,"tags":[],"usage":{"last_update_time":1620398535729,"last_updated_at":"2021-05-07T14:42:15Z"}},"entity":{"data_asset":{"mime_type":"text/csv","dataset":false}},"attachments":[{"id":"4ff815b8-5eec-468e-b025-55431e8c6366","version":2,"asset_type":"data_asset","name":"catalog_seasfac.csv","mime":"text/csv","datasource_type":"193a97c1-4475-4a19-b90c-295c4fdc6517","object_key":"catalog_seasfac.csv","creator_id":"IBMid-27000414FP","create_time":1620395318220,"size":16908,"is_remote":false,"is_managed":false,"is_referenced":true,"is_object_key_read_only":true,"is_user_provided_path_key":true,"transfer_complete":true,"is_partitioned":false,"complete_time_ticks":1620395318220,"user_data":{},"test_doc":0,"handle":{"bucket":"exampleproject-donotdelete-pr-yeuibepoupehg9","location":"us-geo","key":"catalog_seasfac.csv","upload_id":"done","max_part_num":1},"usage":{"access_count":0,"last_accessor_id":"IBMid-27000414FP","last_access_time":1620395318220}}]}
