{"metadata":{"asset_id":"49b9d529-131b-458a-97ab-643a5f5e026c","asset_attributes":["data_asset"],"name":"pm_customer_train3.csv","asset_type":"data_asset","created_at":"2021-05-07T13:48:51Z","description":"Fictitious data.","origin_country":"us","owner_id":"IBMid-27000414FP","project_id":"787bcdbd-b03e-45c4-94af-2b342fa48c74","size":4086,"tags":[],"usage":{"last_update_time":1620399641709,"last_updated_at":"2021-05-07T15:00:41Z"}},"entity":{"data_asset":{"mime_type":"text/csv","dataset":false}},"attachments":[{"id":"d4c66d5f-97ea-427b-94dc-da2c1a2bdc7b","version":2,"asset_type":"data_asset","name":"pm_customer_train3.csv","mime":"text/csv","datasource_type":"193a97c1-4475-4a19-b90c-295c4fdc6517","object_key":"pm_customer_train3.csv","creator_id":"IBMid-27000414FP","create_time":1620395332416,"size":4086,"is_remote":false,"is_managed":false,"is_referenced":true,"is_object_key_read_only":true,"is_user_provided_path_key":true,"transfer_complete":true,"is_partitioned":false,"complete_time_ticks":1620395332416,"user_data":{},"test_doc":0,"handle":{"bucket":"exampleproject-donotdelete-pr-yeuibepoupehg9","location":"us-geo","key":"pm_customer_train3.csv","upload_id":"done","max_part_num":1},"usage":{"access_count":0,"last_accessor_id":"IBMid-27000414FP","last_access_time":1620395332416}}]}
