{"metadata":{"asset_id":"9d1879e4-5dec-4817-b632-bfcf4aaca150","asset_attributes":["data_asset"],"name":"COND1n.csv","asset_type":"data_asset","created_at":"2021-05-25T16:02:23Z","description":"This data is created from a fictitious simulation and consists of a number of concatenated series measured over time. Each record is a snapshot report on the machine. Pressure of 0 is normal, and 1 is a momentary pressure warning. A Status other than 0 is an error code.","origin_country":"us","owner_id":"IBMid-1100005S9W","project_id":"be1592ba-e652-4b32-a6d0-8b3818f20400","size":55312,"tags":[],"usage":{"last_update_time":1621958544173,"last_updated_at":"2021-05-25T16:02:24Z"}},"entity":{"data_asset":{"mime_type":"text/csv","dataset":false}},"attachments":[{"id":"deb4d7b8-0db5-4e35-876e-51d69d7a5795","version":2,"asset_type":"data_asset","name":"COND1n.csv","mime":"text/csv","datasource_type":"193a97c1-4475-4a19-b90c-295c4fdc6517","object_key":"COND1n.csv","creator_id":"iam-ServiceId-f49c5558-c247-4983-a04f-7d3c7a3d55da","create_time":1621958543518,"size":55312,"is_remote":false,"is_managed":false,"is_referenced":true,"is_object_key_read_only":false,"is_user_provided_path_key":true,"transfer_complete":true,"is_partitioned":false,"complete_time_ticks":1621958543518,"user_data":{},"test_doc":0,"handle":{"bucket":"modelertutorials-donotdelete-pr-cfqip78n8cdrdv","location":"us-geo","key":"COND1n.csv","upload_id":"done","max_part_num":1},"usage":{"access_count":0,"last_accessor_id":"iam-ServiceId-f49c5558-c247-4983-a04f-7d3c7a3d55da","last_access_time":1621958543518}}]}
