{"metadata":{"asset_id":"9ab0b4b5-5acd-4d52-addf-64d945b50ab8","asset_attributes":["data_asset"],"name":"pm_customer_train2.csv","asset_type":"data_asset","created_at":"2021-05-07T13:48:51Z","description":"Fictitious data.","origin_country":"us","owner_id":"IBMid-27000414FP","project_id":"787bcdbd-b03e-45c4-94af-2b342fa48c74","size":69642,"tags":[],"usage":{"last_update_time":1620398495324,"last_updated_at":"2021-05-07T14:41:35Z"}},"entity":{"data_asset":{"mime_type":"text/csv","dataset":false}},"attachments":[{"id":"0b3c282f-0c48-4d12-9463-e13997578b12","version":2,"asset_type":"data_asset","name":"pm_customer_train2.csv","mime":"text/csv","datasource_type":"193a97c1-4475-4a19-b90c-295c4fdc6517","object_key":"pm_customer_train2.csv","creator_id":"IBMid-27000414FP","create_time":1620395332787,"size":69642,"is_remote":false,"is_managed":false,"is_referenced":true,"is_object_key_read_only":true,"is_user_provided_path_key":true,"transfer_complete":true,"is_partitioned":false,"complete_time_ticks":1620395332787,"user_data":{},"test_doc":0,"handle":{"bucket":"exampleproject-donotdelete-pr-yeuibepoupehg9","location":"us-geo","key":"pm_customer_train2.csv","upload_id":"done","max_part_num":1},"usage":{"access_count":0,"last_accessor_id":"IBMid-27000414FP","last_access_time":1620395332787}}]}
