{"metadata":{"asset_id":"9075b781-f8f8-48e6-bb57-4c0ba4b09853","asset_attributes":["data_asset"],"name":"hotelSatisfaction.xlsx","asset_type":"data_asset","created_at":"2021-05-25T17:59:16Z","description":"","origin_country":"us","owner_id":"IBMid-1100005S9W","project_id":"be1592ba-e652-4b32-a6d0-8b3818f20400","size":44004,"tags":[],"usage":{"last_update_time":1621965561469,"last_updated_at":"2021-05-25T17:59:21Z"}},"entity":{"data_asset":{"mime_type":"application/vnd.openxmlformats-officedocument.spreadsheetml.sheet","dataset":false}},"attachments":[{"id":"4d7f1c09-6493-421a-8bcb-dbd41aaaa8c4","version":2,"asset_type":"data_asset","name":"hotelSatisfaction.xlsx","mime":"application/vnd.openxmlformats-officedocument.spreadsheetml.sheet","datasource_type":"193a97c1-4475-4a19-b90c-295c4fdc6517","object_key":"hotelSatisfaction.xlsx","creator_id":"IBMid-1100005S9W","create_time":1621965561468,"size":44004,"is_remote":false,"is_managed":false,"is_referenced":true,"is_object_key_read_only":true,"is_user_provided_path_key":true,"transfer_complete":true,"is_partitioned":false,"complete_time_ticks":1621965561468,"user_data":{},"test_doc":0,"handle":{"bucket":"modelertutorials-donotdelete-pr-cfqip78n8cdrdv","location":"us-geo","key":"hotelSatisfaction.xlsx","upload_id":"done","max_part_num":1},"usage":{"access_count":0,"last_accessor_id":"IBMid-1100005S9W","last_access_time":1621965561468}}]}
