{"metadata":{"asset_id":"179977da-e8a9-43b8-aa7c-b60ff468424f","asset_attributes":["data_asset"],"name":"drug_long_name.csv","asset_type":"data_asset","created_at":"2021-05-25T16:02:24Z","description":"Fictitious data.","origin_country":"us","owner_id":"IBMid-1100005S9W","project_id":"be1592ba-e652-4b32-a6d0-8b3818f20400","size":69309,"tags":[],"usage":{"last_update_time":1621958545458,"last_updated_at":"2021-05-25T16:02:25Z"}},"entity":{"data_asset":{"mime_type":"text/csv","dataset":false}},"attachments":[{"id":"4e5f6f51-e9ae-40f9-a428-48da29299d6a","version":2,"asset_type":"data_asset","name":"drug_long_name.csv","mime":"text/csv","datasource_type":"193a97c1-4475-4a19-b90c-295c4fdc6517","object_key":"drug_long_name.csv","creator_id":"iam-ServiceId-f49c5558-c247-4983-a04f-7d3c7a3d55da","create_time":1621958545367,"size":69309,"is_remote":false,"is_managed":false,"is_referenced":true,"is_object_key_read_only":false,"is_user_provided_path_key":true,"transfer_complete":true,"is_partitioned":false,"complete_time_ticks":1621958545367,"user_data":{},"test_doc":0,"handle":{"bucket":"modelertutorials-donotdelete-pr-cfqip78n8cdrdv","location":"us-geo","key":"drug_long_name.csv","upload_id":"done","max_part_num":1},"usage":{"access_count":0,"last_accessor_id":"iam-ServiceId-f49c5558-c247-4983-a04f-7d3c7a3d55da","last_access_time":1621958545367}}]}
