{"metadata":{"asset_id":"e5030631-6192-4474-8c90-d4de81879b2f","asset_attributes":["data_asset"],"name":"telco.csv","asset_type":"data_asset","created_at":"2021-05-07T13:48:54Z","description":"Customer data for a fictitious telecommunications company.","origin_country":"us","owner_id":"IBMid-27000414FP","project_id":"787bcdbd-b03e-45c4-94af-2b342fa48c74","size":373283,"tags":[],"usage":{"last_update_time":1620398363873,"last_updated_at":"2021-05-07T14:39:23Z"}},"entity":{"data_asset":{"mime_type":"text/csv","dataset":false}},"attachments":[{"id":"71d5b8e0-5749-4db2-acc7-dc32f23f5a21","version":2,"asset_type":"data_asset","name":"telco.csv","mime":"text/csv","datasource_type":"193a97c1-4475-4a19-b90c-295c4fdc6517","object_key":"telco.csv","creator_id":"IBMid-27000414FP","create_time":1620395335114,"size":373283,"is_remote":false,"is_managed":false,"is_referenced":true,"is_object_key_read_only":true,"is_user_provided_path_key":true,"transfer_complete":true,"is_partitioned":false,"complete_time_ticks":1620395335114,"user_data":{},"test_doc":0,"handle":{"bucket":"exampleproject-donotdelete-pr-yeuibepoupehg9","location":"us-geo","key":"telco.csv","upload_id":"done","max_part_num":1},"usage":{"access_count":0,"last_accessor_id":"IBMid-27000414FP","last_access_time":1620395335114}}]}
