{"metadata":{"asset_id":"3b5b772f-4869-4659-b943-282123315466","asset_attributes":["data_asset"],"name":"pm_customer_train2.csv","asset_type":"data_asset","created_at":"2021-05-25T16:02:22Z","description":"Fictitious data.","origin_country":"us","owner_id":"IBMid-1100005S9W","project_id":"be1592ba-e652-4b32-a6d0-8b3818f20400","size":69642,"tags":[],"usage":{"last_update_time":1621958543577,"last_updated_at":"2021-05-25T16:02:23Z"}},"entity":{"data_asset":{"mime_type":"text/csv","dataset":false}},"attachments":[{"id":"8f4e593a-ebc6-4e54-ac81-f26bfc18783b","version":2,"asset_type":"data_asset","name":"pm_customer_train2.csv","mime":"text/csv","datasource_type":"193a97c1-4475-4a19-b90c-295c4fdc6517","object_key":"pm_customer_train2.csv","creator_id":"iam-ServiceId-f49c5558-c247-4983-a04f-7d3c7a3d55da","create_time":1621958543217,"size":69642,"is_remote":false,"is_managed":false,"is_referenced":true,"is_object_key_read_only":false,"is_user_provided_path_key":true,"transfer_complete":true,"is_partitioned":false,"complete_time_ticks":1621958543217,"user_data":{},"test_doc":0,"handle":{"bucket":"modelertutorials-donotdelete-pr-cfqip78n8cdrdv","location":"us-geo","key":"pm_customer_train2.csv","upload_id":"done","max_part_num":1},"usage":{"access_count":0,"last_accessor_id":"iam-ServiceId-f49c5558-c247-4983-a04f-7d3c7a3d55da","last_access_time":1621958543217}}]}
