{"metadata":{"asset_id":"7a9d44a5-5e9e-4751-9694-caa7858e356d","asset_attributes":["data_asset"],"name":"customer_dbase.csv","asset_type":"data_asset","created_at":"2021-05-07T13:48:48Z","description":"Fictitious data.","origin_country":"us","owner_id":"IBMid-27000414FP","project_id":"787bcdbd-b03e-45c4-94af-2b342fa48c74","size":2504910,"tags":[],"usage":{"last_update_time":1620399527808,"last_updated_at":"2021-05-07T14:58:47Z"}},"entity":{"data_asset":{"mime_type":"text/csv","dataset":false}},"attachments":[{"id":"2f047bd0-5624-4c80-9768-12f1cccc4880","version":2,"asset_type":"data_asset","name":"customer_dbase.csv","mime":"text/csv","datasource_type":"193a97c1-4475-4a19-b90c-295c4fdc6517","object_key":"customer_dbase.csv","creator_id":"IBMid-27000414FP","create_time":1620395329055,"size":2504910,"is_remote":false,"is_managed":false,"is_referenced":true,"is_object_key_read_only":true,"is_user_provided_path_key":true,"transfer_complete":true,"is_partitioned":false,"complete_time_ticks":1620395329055,"user_data":{},"test_doc":0,"handle":{"bucket":"exampleproject-donotdelete-pr-yeuibepoupehg9","location":"us-geo","key":"customer_dbase.csv","upload_id":"done","max_part_num":1},"usage":{"access_count":0,"last_accessor_id":"IBMid-27000414FP","last_access_time":1620395329055}}]}
