{"metadata":{"asset_id":"02874d73-0dc1-453e-95e2-cf4899d79908","asset_attributes":["data_asset","location_definition"],"name":"COND1n.csv","asset_type":"data_asset","created_at":"2024-11-14T21:26:59Z","description":"This data is created from a fictitious simulation and consists of a number of concatenated series measured over time. Each record is a snapshot report on the machine. Pressure of 0 is normal, and 1 is a momentary pressure warning. A Status other than 0 is an error code.","origin_country":"us","owner_id":"IBMid-31000063M3","project_id":"d9be7a5d-a6c6-4452-98ea-c2cee10acc3b","size":55312,"tags":[],"usage":{"last_update_time":1731619620689,"last_updated_at":"2024-11-14T21:27:00Z"}},"entity":{"data_asset":{"mime_type":"text/csv","dataset":false},"location_definition":{"physical_location_code":"DAL","physical_location_code_assigned_by":"IBMid-663002GN1Q","physical_location_code_rds_id":"c57cb90f-2126-3800-9c9f-9eab82021cdf","physical_location_code_rds_version":"00002023-0705-4154-8037-485028000000_4","physical_location_code_assignment_method":"INFERRED","physical_location_code_added_on":"1688576494009"}},"attachments":[{"id":"a17c35af-c850-4ebd-85ed-04a6fd509465","version":2,"asset_type":"data_asset","name":"COND1n.csv","mime":"text/csv","datasource_type":"193a97c1-4475-4a19-b90c-295c4fdc6517","object_key":"COND1n.csv","creator_id":"iam-ServiceId-f49c5558-c247-4983-a04f-7d3c7a3d55da","create_time":1731619620610,"size":55312,"is_remote":false,"is_managed":false,"is_referenced":true,"is_object_key_read_only":true,"is_user_provided_path_key":true,"transfer_complete":true,"is_partitioned":false,"complete_time_ticks":1731619620610,"user_data":{},"test_doc":0,"handle":{"bucket":"spssmodelerprojectforgallery-donotdelete-pr-majrjbwrsk0hrz","location":"us-south","type":"bluemix_cos","key":"COND1n.csv","upload_id":"done","max_part_num":1},"usage":{"access_count":0,"last_accessor_id":"iam-ServiceId-f49c5558-c247-4983-a04f-7d3c7a3d55da","last_access_time":1731619620610}}]}
