{"metadata":{"asset_id":"adef1fd2-80e2-47f5-9179-09db063a7bb9","asset_attributes":["data_asset"],"name":"hotelSatisfaction.csv","asset_type":"data_asset","created_at":"2021-05-25T17:59:16Z","description":"","origin_country":"us","owner_id":"IBMid-1100005S9W","project_id":"be1592ba-e652-4b32-a6d0-8b3818f20400","size":58105,"tags":[],"usage":{"last_update_time":1621965558083,"last_updated_at":"2021-05-25T17:59:18Z"}},"entity":{"data_asset":{"mime_type":"text/csv","dataset":false}},"attachments":[{"id":"054b8551-3fd8-4b73-af70-92d9051090ba","version":2,"asset_type":"data_asset","name":"hotelSatisfaction.csv","mime":"text/csv","datasource_type":"193a97c1-4475-4a19-b90c-295c4fdc6517","object_key":"hotelSatisfaction.csv","creator_id":"IBMid-1100005S9W","create_time":1621965558082,"size":58105,"is_remote":false,"is_managed":false,"is_referenced":true,"is_object_key_read_only":true,"is_user_provided_path_key":true,"transfer_complete":true,"is_partitioned":false,"complete_time_ticks":1621965558082,"user_data":{},"test_doc":0,"handle":{"bucket":"modelertutorials-donotdelete-pr-cfqip78n8cdrdv","location":"us-geo","key":"hotelSatisfaction.csv","upload_id":"done","max_part_num":1},"usage":{"access_count":0,"last_accessor_id":"IBMid-1100005S9W","last_access_time":1621965558082}}]}
