[{"name":"11 - Forecasting Catalog Sales","description":"A%20catalog%20company%20is%20interested%20in%20forecasting%20monthly%20sales%20of%20its%20men%27s%20clothing%20line%2C%20based%20on%20their%20sales%20data%20for%20the%20last%2010%20years.%20You%20can%20let%20the%20application%20decide%20which%20is%20the%20most%20appropriate%20model%20for%20your%20time%20series.%20Instead%2C%20this%20example%20takes%20a%20closer%20look%20at%20the%20two%20methods%20that%20are%20available%20when%20choosing%20a%20model%20yourself--exponential%20smoothing%20and%20ARIMA.","origin_country":"us","asset_type":"machine-learning-stream","entity":{"machine-learning-stream":{"path":"/v1/ml-streams","properties":{"runtime":"spss-modeler","lock":{}},"flow_type":"spss"},"machine-learning-canvas-flow":{"properties":{}}},"attachments":[{"object_key":"machine-learning-stream/8b644bbe-8725-4925-ae77-42de37d92905","asset_type":"machine-learning-canvas-flow","user_data":{}}]}]
