[{"name":"03 - Automated Modeling for a Continuous Target","description":"With%20the%20Auto%20Numeric%20node%2C%20you%20can%20automatically%20create%20and%20compare%20different%20models%20for%20continuous%20%28numeric%20range%29%20outcomes%2C%20such%20as%20predicting%20the%20taxable%20value%20of%20a%20property.%20With%20a%20single%20node%2C%20you%20can%20estimate%20and%20compare%20a%20set%20of%20candidate%20models%20and%20generate%20a%20subset%20of%20models%20for%20further%20analysis.%20The%20node%20works%20in%20the%20same%20manner%20as%20the%20Auto%20Classifier%20node%2C%20but%20for%20continuous%20rather%20than%20flag%20or%20nominal%20targets.","origin_country":"us","asset_type":"machine-learning-stream","entity":{"machine-learning-stream":{"path":"/v1/ml-streams","properties":{"runtime":"spss-modeler","lock":{}},"flow_type":"spss"},"machine-learning-canvas-flow":{"properties":{}}},"attachments":[{"object_key":"machine-learning-stream/dd237596-7b6e-4199-8437-91a7a6b01a9e","asset_type":"machine-learning-canvas-flow","user_data":{}}]}]
