[{"name":"08 - Classifying Telecommunications Customers","description":"Logistic%20regression%20is%20a%20statistical%20technique%20for%20classifying%20records%20based%20on%20values%20of%20input%20fields.%20It%20is%20analogous%20to%20linear%20regression%20but%20takes%20a%20categorical%20target%20field%20instead%20of%20a%20numeric%20one.%20For%20example%2C%20suppose%20a%20telecommunications%20provider%20has%20segmented%20its%20customer%20base%20by%20service%20usage%20patterns%2C%20categorizing%20the%20customers%20into%20four%20groups.%20If%20demographic%20data%20can%20be%20used%20to%20predict%20group%20membership%2C%20you%20can%20customize%20offers%20for%20individual%20prospective%20customers.","origin_country":"us","asset_type":"machine-learning-stream","entity":{"machine-learning-stream":{"path":"/v1/ml-streams","properties":{"runtime":"spss-modeler","lock":{}},"flow_type":"spss"},"machine-learning-canvas-flow":{"properties":{}}},"attachments":[{"object_key":"machine-learning-stream/71f69474-2444-4eab-ba0b-940a1e9f66d6","asset_type":"machine-learning-canvas-flow","user_data":{}}]}]
