[{"name":"04 - Automated Data Preparation","description":"Preparing%20data%20for%20analysis%20is%20one%20of%20the%20most%20important%20steps%20in%20any%20data-mining%20project--and%20traditionally%2C%20one%20of%20the%20most%20time%20consuming.%20The%20Automated%20Data%20Preparation%20%28ADP%29%20node%20handles%20the%20task%20for%20you%2C%20analyzing%20your%20data%20and%20identifying%20fixes%2C%20screening%20out%20fields%20that%20are%20problematic%20or%20not%20likely%20to%20be%20useful%2C%20deriving%20new%20attributes%20when%20appropriate%2C%20and%20improving%20performance%20through%20intelligent%20screening%20techniques.","origin_country":"us","asset_type":"machine-learning-stream","entity":{"machine-learning-stream":{"path":"/v1/ml-streams","properties":{"runtime":"spss-modeler","lock":{}},"flow_type":"spss"},"machine-learning-canvas-flow":{"properties":{}}},"attachments":[{"object_key":"machine-learning-stream/23fa5e88-3718-4f70-b653-45a90e7317ce","asset_type":"machine-learning-canvas-flow","user_data":{}}]}]
