[{"name":"07 - Reducing Input Data String Length","description":"For%20binomial%20logistic%20regression%2C%20and%20auto%20classifier%20models%20that%20include%20a%20binomial%20logistic%20regression%20model%2C%20string%20fields%20are%20limited%20to%20a%20maximum%20of%20eight%20characters.%20Where%20strings%20are%20more%20than%20eight%20characters%2C%20they%20can%20be%20recoded%20using%20a%20Reclassify%20node.%20This%20example%20focuses%20on%20a%20small%20part%20of%20a%20stream%20to%20show%20the%20sort%20of%20errors%20that%20may%20be%20generated%20with%20overlong%20strings.%20You%20can%20use%20the%20Reclassify%20node%20to%20change%20the%20string%20details%20to%20an%20acceptable%20length.","origin_country":"us","asset_type":"machine-learning-stream","entity":{"machine-learning-stream":{"path":"/v1/ml-streams","properties":{"runtime":"spss-modeler","lock":{}},"flow_type":"spss"},"machine-learning-canvas-flow":{"properties":{}}},"attachments":[{"object_key":"machine-learning-stream/dee02510-8078-42b0-8a36-a500510dccb7","asset_type":"machine-learning-canvas-flow","user_data":{}}]}]
