[{"name":"06 - Screening Predictors","description":"The%20Feature%20Selection%20node%20can%20help%20you%20identify%20the%20fields%20that%20are%20most%20important%20in%20predicting%20a%20certain%20outcome.%20From%20a%20set%20of%20hundreds%20or%20even%20thousands%20of%20predictors%2C%20the%20Feature%20Selection%20node%20screens%2C%20ranks%2C%20and%20selects%20the%20predictors%20that%20may%20be%20most%20important.%20Ultimately%2C%20you%20may%20end%20up%20with%20a%20quicker%2C%20more%20efficient%20mode--one%20that%20uses%20fewer%20predictors%2C%20runs%20more%20quickly%2C%20and%20may%20be%20easier%20to%20understand.","origin_country":"us","asset_type":"machine-learning-stream","entity":{"machine-learning-stream":{"path":"/v1/ml-streams","properties":{"runtime":"spss-modeler","lock":{}},"flow_type":"spss"},"machine-learning-canvas-flow":{"properties":{}}},"attachments":[{"object_key":"machine-learning-stream/85add3ac-c24b-4f88-b77a-2e01d1006053","asset_type":"machine-learning-canvas-flow","user_data":{}}]}]
