{"metadata":{"asset_id":"0c92645a-7cda-47bb-8ae9-cced7aa5384a","asset_attributes":["data_asset","directory_asset"],"name":"hotelSatisfaction.csv","asset_type":"data_asset","created_at":"2024-11-14T21:21:02Z","origin_country":"us","owner_id":"1000331001","project_id":"ea52bb43-3273-463f-8f4f-c491ba25ee93","size":58105,"usage":{"last_update_time":1731619262410,"last_updated_at":"2024-11-14T21:21:02Z"}},"entity":{"data_asset":{"mime_type":"text/csv","dataset":false},"directory_asset":{"path":""}},"attachments":[{"id":"3d58ad25-bc33-45f1-842b-05dfb3798edd","version":2,"asset_type":"data_asset","name":"hotelSatisfaction.csv","mime":"text/csv","datasource_type":"81bafdbd-b7c6-45c5-a4fd-6ec135f66f4e","object_key":"data_asset/hotelSatisfaction.csv","creator_id":"1000331001","create_time":1731619262421,"size":58105,"is_remote":false,"is_managed":false,"is_referenced":true,"is_object_key_read_only":true,"is_user_provided_path_key":true,"transfer_complete":true,"is_partitioned":false,"complete_time_ticks":1731619262421,"user_data":{},"test_doc":0,"handle":{"type":"assetfiles","key":"data_asset/hotelSatisfaction.csv","upload_id":"done","max_part_num":1},"usage":{"access_count":0,"last_accessor_id":"1000331001","last_access_time":1731619262421}}]}