{"metadata":{"asset_id":"ceb958fc-e432-4553-b4e9-128b2b0138de","asset_attributes":["data_asset"],"name":"pm_customer_train2.csv","asset_type":"data_asset","created_at":"2021-05-06T18:26:06Z","description":"","origin_country":"us","owner_id":"1000330999","project_id":"45d8b8ea-c09f-4fc3-a170-cb7d2e5aab4f","size":69642,"tags":[],"usage":{"last_update_time":1620325568767,"last_updated_at":"2021-05-06T18:26:08Z"}},"entity":{"data_asset":{"mime_type":"text/csv","dataset":false}},"attachments":[{"id":"13b59da8-9c3a-4d0d-b957-3e346a494143","version":2,"asset_type":"data_asset","name":"pm_customer_train2.csv","mime":"text/csv","datasource_type":"81bafdbd-b7c6-45c5-a4fd-6ec135f66f4e","object_key":"data_asset/pm_customer_train2.csv","creator_id":"1000330999","create_time":1620325568767,"size":69642,"is_remote":false,"is_managed":false,"is_referenced":true,"is_object_key_read_only":true,"is_user_provided_path_key":true,"transfer_complete":true,"is_partitioned":false,"complete_time_ticks":1620325568767,"user_data":{},"test_doc":0,"handle":{"key":"data_asset/pm_customer_train2.csv","upload_id":"done","max_part_num":1},"usage":{"access_count":0,"last_accessor_id":"1000330999","last_access_time":1620325568767}}]}