{"metadata":{"asset_id":"ddc8db41-abb5-465e-8c06-e29ebdd13e8a","asset_attributes":["data_asset"],"name":"customer_dbase.csv","asset_type":"data_asset","created_at":"2021-05-06T18:26:23Z","description":"","origin_country":"us","owner_id":"1000330999","project_id":"45d8b8ea-c09f-4fc3-a170-cb7d2e5aab4f","size":2504910,"tags":[],"usage":{"last_update_time":1620325584370,"last_updated_at":"2021-05-06T18:26:24Z"}},"entity":{"data_asset":{"mime_type":"text/csv","dataset":false}},"attachments":[{"id":"be41eb7b-2603-4f57-95c4-50f657b30d31","version":2,"asset_type":"data_asset","name":"customer_dbase.csv","mime":"text/csv","datasource_type":"81bafdbd-b7c6-45c5-a4fd-6ec135f66f4e","object_key":"data_asset/customer_dbase.csv","creator_id":"1000330999","create_time":1620325584370,"size":2504910,"is_remote":false,"is_managed":false,"is_referenced":true,"is_object_key_read_only":true,"is_user_provided_path_key":true,"transfer_complete":true,"is_partitioned":false,"complete_time_ticks":1620325584370,"user_data":{},"test_doc":0,"handle":{"key":"data_asset/customer_dbase.csv","upload_id":"done","max_part_num":1},"usage":{"access_count":0,"last_accessor_id":"1000330999","last_access_time":1620325584370}}]}