{"metadata":{"asset_id":"264ee341-9292-4400-95d0-4604bebcf8b7","asset_attributes":["data_asset"],"name":"DRUG1n.csv","asset_type":"data_asset","created_at":"2024-11-14T21:17:03Z","description":"","origin_country":"us","owner_id":"1000331001","project_id":"ea52bb43-3273-463f-8f4f-c491ba25ee93","size":8028,"tags":[],"usage":{"last_update_time":1731619023179,"last_updated_at":"2024-11-14T21:17:03Z"}},"entity":{"data_asset":{"mime_type":"text/csv","dataset":false}},"attachments":[{"id":"90a481a3-9ba4-4bfc-bce9-23764a0d71ab","version":2,"asset_type":"data_asset","name":"DRUG1n.csv","mime":"text/csv","datasource_type":"81bafdbd-b7c6-45c5-a4fd-6ec135f66f4e","object_key":"data_asset/DRUG1n.csv","creator_id":"icp4d-dev","create_time":1731619023099,"size":8028,"is_remote":false,"is_managed":false,"is_referenced":true,"is_object_key_read_only":true,"is_user_provided_path_key":true,"transfer_complete":true,"is_partitioned":false,"complete_time_ticks":1731619023099,"user_data":{},"test_doc":0,"handle":{"type":"assetfiles","key":"data_asset/DRUG1n.csv","upload_id":"done","max_part_num":1},"usage":{"access_count":0,"last_accessor_id":"icp4d-dev","last_access_time":1731619023099}}]}