{"metadata":{"asset_id":"b9bd6a0b-d702-495d-9305-db05be0372b2","asset_attributes":["data_asset"],"name":"telco.csv","asset_type":"data_asset","created_at":"2024-11-14T21:17:02Z","description":"Customer data for a fictitious telecommunications company.","origin_country":"us","owner_id":"1000331001","project_id":"ea52bb43-3273-463f-8f4f-c491ba25ee93","size":373283,"tags":[],"usage":{"last_update_time":1731619022919,"last_updated_at":"2024-11-14T21:17:02Z"}},"entity":{"data_asset":{"mime_type":"text/csv","dataset":false}},"attachments":[{"id":"613bf64e-dcde-4868-aaeb-5607329e2bff","version":2,"asset_type":"data_asset","name":"telco.csv","mime":"text/csv","datasource_type":"81bafdbd-b7c6-45c5-a4fd-6ec135f66f4e","object_key":"data_asset/telco.csv","creator_id":"icp4d-dev","create_time":1731619022826,"size":373283,"is_remote":false,"is_managed":false,"is_referenced":true,"is_object_key_read_only":true,"is_user_provided_path_key":true,"transfer_complete":true,"is_partitioned":false,"complete_time_ticks":1731619022826,"user_data":{},"test_doc":0,"handle":{"type":"assetfiles","key":"data_asset/telco.csv","upload_id":"done","max_part_num":1},"usage":{"access_count":0,"last_accessor_id":"icp4d-dev","last_access_time":1731619022826}}]}