{"metadata":{"asset_id":"832e4414-2f68-4761-8d20-6e52b637f5c2","asset_attributes":["data_asset"],"name":"pm_customer_train1.csv","asset_type":"data_asset","created_at":"2024-11-14T21:17:02Z","description":"","origin_country":"us","owner_id":"1000331001","project_id":"ea52bb43-3273-463f-8f4f-c491ba25ee93","size":2430953,"tags":[],"usage":{"last_update_time":1731619022893,"last_updated_at":"2024-11-14T21:17:02Z"}},"entity":{"data_asset":{"mime_type":"text/csv","dataset":false}},"attachments":[{"id":"ed956fe1-4058-479d-a864-2f154165e7bc","version":2,"asset_type":"data_asset","name":"pm_customer_train1.csv","mime":"text/csv","datasource_type":"81bafdbd-b7c6-45c5-a4fd-6ec135f66f4e","object_key":"data_asset/pm_customer_train1.csv","creator_id":"icp4d-dev","create_time":1731619022788,"size":2430953,"is_remote":false,"is_managed":false,"is_referenced":true,"is_object_key_read_only":true,"is_user_provided_path_key":true,"transfer_complete":true,"is_partitioned":false,"complete_time_ticks":1731619022788,"user_data":{},"test_doc":0,"handle":{"type":"assetfiles","key":"data_asset/pm_customer_train1.csv","upload_id":"done","max_part_num":1},"usage":{"access_count":0,"last_accessor_id":"icp4d-dev","last_access_time":1731619022788}}]}