{"metadata":{"asset_id":"0d5795b9-a6d0-405f-b606-9bdfafbb8d6d","asset_attributes":["data_asset"],"name":"pm_customer_train3.csv","asset_type":"data_asset","created_at":"2021-05-06T18:26:05Z","description":"","origin_country":"us","owner_id":"1000330999","project_id":"45d8b8ea-c09f-4fc3-a170-cb7d2e5aab4f","size":4086,"tags":[],"usage":{"last_update_time":1620325568356,"last_updated_at":"2021-05-06T18:26:08Z"}},"entity":{"data_asset":{"mime_type":"text/csv","dataset":false}},"attachments":[{"id":"7150026b-e6fc-457c-a307-f0fb3ae4ca8f","version":2,"asset_type":"data_asset","name":"pm_customer_train3.csv","mime":"text/csv","datasource_type":"81bafdbd-b7c6-45c5-a4fd-6ec135f66f4e","object_key":"data_asset/pm_customer_train3.csv","creator_id":"1000330999","create_time":1620325568356,"size":4086,"is_remote":false,"is_managed":false,"is_referenced":true,"is_object_key_read_only":true,"is_user_provided_path_key":true,"transfer_complete":true,"is_partitioned":false,"complete_time_ticks":1620325568356,"user_data":{},"test_doc":0,"handle":{"key":"data_asset/pm_customer_train3.csv","upload_id":"done","max_part_num":1},"usage":{"access_count":0,"last_accessor_id":"1000330999","last_access_time":1620325568356}}]}