{"metadata":{"asset_id":"d9e236a5-e576-404f-8e98-67f7d7bcef18","asset_attributes":["data_asset"],"name":"catalog_seasfac.csv","asset_type":"data_asset","created_at":"2021-05-06T18:26:03Z","description":"A fictitious catalog company's sales data for 10 years. The goal is to forecast monthly sales for their men's clothing line based on this data.","origin_country":"us","owner_id":"1000330999","project_id":"45d8b8ea-c09f-4fc3-a170-cb7d2e5aab4f","size":16908,"tags":[],"usage":{"last_update_time":1620325761376,"last_updated_at":"2021-05-06T18:29:21Z"}},"entity":{"data_asset":{"mime_type":"text/csv","dataset":false}},"attachments":[{"id":"fbcca49a-1f5d-44c9-a75a-d1a2cd85bea3","version":2,"asset_type":"data_asset","name":"catalog_seasfac.csv","mime":"text/csv","datasource_type":"81bafdbd-b7c6-45c5-a4fd-6ec135f66f4e","object_key":"data_asset/catalog_seasfac.csv","creator_id":"1000330999","create_time":1620325566973,"size":16908,"is_remote":false,"is_managed":false,"is_referenced":true,"is_object_key_read_only":true,"is_user_provided_path_key":true,"transfer_complete":true,"is_partitioned":false,"complete_time_ticks":1620325566973,"user_data":{},"test_doc":0,"handle":{"key":"data_asset/catalog_seasfac.csv","upload_id":"done","max_part_num":1},"usage":{"access_count":0,"last_accessor_id":"1000330999","last_access_time":1620325566973}}]}