{"metadata":{"asset_id":"3b754fea-e5b5-476c-bdce-97e167c47103","asset_attributes":["data_asset"],"name":"GOODS2n.csv","asset_type":"data_asset","created_at":"2021-05-06T18:26:08Z","description":"Each record contains Class (product type), Cost (unit price), Promotion (index of amount spent on a particular promotion), Before (revenue before promotion), and After (revenue after promotion).","origin_country":"us","owner_id":"1000330999","project_id":"45d8b8ea-c09f-4fc3-a170-cb7d2e5aab4f","size":12881,"tags":[],"usage":{"last_update_time":1620325940598,"last_updated_at":"2021-05-06T18:32:20Z"}},"entity":{"data_asset":{"mime_type":"text/csv","dataset":false}},"attachments":[{"id":"6b4f445f-b518-41c2-92af-3b14438c71a8","version":2,"asset_type":"data_asset","name":"GOODS2n.csv","mime":"text/csv","datasource_type":"81bafdbd-b7c6-45c5-a4fd-6ec135f66f4e","object_key":"data_asset/GOODS2n.csv","creator_id":"1000330999","create_time":1620325569562,"size":12881,"is_remote":false,"is_managed":false,"is_referenced":true,"is_object_key_read_only":true,"is_user_provided_path_key":true,"transfer_complete":true,"is_partitioned":false,"complete_time_ticks":1620325569562,"user_data":{},"test_doc":0,"handle":{"key":"data_asset/GOODS2n.csv","upload_id":"done","max_part_num":1},"usage":{"access_count":0,"last_accessor_id":"1000330999","last_access_time":1620325569562}}]}