{"metadata":{"asset_id":"2dc35410-ddc7-49d6-8d1f-b9bce901221c","asset_attributes":["data_asset"],"name":"broadband_1.csv","asset_type":"data_asset","created_at":"2024-11-14T21:17:02Z","description":"Fictitious monthly usage data for each of a national broadband provider's 85 local markets. The DATE field indicates the month and year for each record.","origin_country":"us","owner_id":"1000331001","project_id":"ea52bb43-3273-463f-8f4f-c491ba25ee93","size":30848,"tags":[],"usage":{"last_update_time":1731619023170,"last_updated_at":"2024-11-14T21:17:03Z"}},"entity":{"data_asset":{"mime_type":"text/csv","dataset":false}},"attachments":[{"id":"aab812a9-9630-4a55-addd-c1a75d77df1a","version":2,"asset_type":"data_asset","name":"broadband_1.csv","mime":"text/csv","datasource_type":"81bafdbd-b7c6-45c5-a4fd-6ec135f66f4e","object_key":"data_asset/broadband_1.csv","creator_id":"icp4d-dev","create_time":1731619023094,"size":30848,"is_remote":false,"is_managed":false,"is_referenced":true,"is_object_key_read_only":true,"is_user_provided_path_key":true,"transfer_complete":true,"is_partitioned":false,"complete_time_ticks":1731619023094,"user_data":{},"test_doc":0,"handle":{"type":"assetfiles","key":"data_asset/broadband_1.csv","upload_id":"done","max_part_num":1},"usage":{"access_count":0,"last_accessor_id":"icp4d-dev","last_access_time":1731619023094}}]}