{"metadata":{"asset_id":"8afd4974-1a30-456a-880e-2451b700b902","asset_attributes":["data_asset"],"name":"BASKETS1n.csv","asset_type":"data_asset","created_at":"2021-05-06T18:26:04Z","description":"Fictitious data for the contents of supermarket carts (items bought together) plus the associated personal data of purchasers, which might be acquired via a loyalty card scheme. The goal is to discover groups of customers who buy similar products and can be characterized demographically.","origin_country":"us","owner_id":"1000330999","project_id":"45d8b8ea-c09f-4fc3-a170-cb7d2e5aab4f","size":56038,"tags":[],"usage":{"last_update_time":1620325802837,"last_updated_at":"2021-05-06T18:30:02Z"}},"entity":{"data_asset":{"mime_type":"text/csv","dataset":false}},"attachments":[{"id":"2d88e1f6-f161-43d5-a2fd-f3c79f627658","version":2,"asset_type":"data_asset","name":"BASKETS1n.csv","mime":"text/csv","datasource_type":"81bafdbd-b7c6-45c5-a4fd-6ec135f66f4e","object_key":"data_asset/BASKETS1n.csv","creator_id":"1000330999","create_time":1620325567384,"size":56038,"is_remote":false,"is_managed":false,"is_referenced":true,"is_object_key_read_only":true,"is_user_provided_path_key":true,"transfer_complete":true,"is_partitioned":false,"complete_time_ticks":1620325567384,"user_data":{},"test_doc":0,"handle":{"key":"data_asset/BASKETS1n.csv","upload_id":"done","max_part_num":1},"usage":{"access_count":0,"last_accessor_id":"1000330999","last_access_time":1620325567384}}]}