{"metadata":{"asset_id":"8ac22e32-aea0-4657-ad26-a12b60beeb1d","asset_attributes":["data_asset"],"name":"BASKETS1n.csv","asset_type":"data_asset","created_at":"2024-11-14T21:17:02Z","description":"Fictitious data for the contents of supermarket carts (items bought together) plus the associated personal data of purchasers, which might be acquired via a loyalty card scheme. The goal is to discover groups of customers who buy similar products and can be characterized demographically.","origin_country":"us","owner_id":"1000331001","project_id":"ea52bb43-3273-463f-8f4f-c491ba25ee93","size":56038,"tags":[],"usage":{"last_update_time":1731619022943,"last_updated_at":"2024-11-14T21:17:02Z"}},"entity":{"data_asset":{"mime_type":"text/csv","dataset":false}},"attachments":[{"id":"89ada393-a7e2-45cd-bcf0-ed810c7396cf","version":2,"asset_type":"data_asset","name":"BASKETS1n.csv","mime":"text/csv","datasource_type":"81bafdbd-b7c6-45c5-a4fd-6ec135f66f4e","object_key":"data_asset/BASKETS1n.csv","creator_id":"icp4d-dev","create_time":1731619022845,"size":56038,"is_remote":false,"is_managed":false,"is_referenced":true,"is_object_key_read_only":true,"is_user_provided_path_key":true,"transfer_complete":true,"is_partitioned":false,"complete_time_ticks":1731619022845,"user_data":{},"test_doc":0,"handle":{"type":"assetfiles","key":"data_asset/BASKETS1n.csv","upload_id":"done","max_part_num":1},"usage":{"access_count":0,"last_accessor_id":"icp4d-dev","last_access_time":1731619022845}}]}