{"metadata":{"asset_id":"b8775be9-7d95-422a-8270-30c5e323b103","asset_attributes":["data_asset"],"name":"COND2n.csv","asset_type":"data_asset","created_at":"2024-11-14T21:17:02Z","description":"This data is created from a fictitious simulation and consists of a number of concatenated series measured over time. Each record is a snapshot report on the machine. Pressure of 0 is normal, and 1 is a momentary pressure warning. A Status other than 0 is an error code.","origin_country":"us","owner_id":"1000331001","project_id":"ea52bb43-3273-463f-8f4f-c491ba25ee93","size":94321,"tags":[],"usage":{"last_update_time":1731619022937,"last_updated_at":"2024-11-14T21:17:02Z"}},"entity":{"data_asset":{"mime_type":"text/csv","dataset":false}},"attachments":[{"id":"c54f77f4-0e96-4913-a1c6-1f40c3357c80","version":2,"asset_type":"data_asset","name":"COND2n.csv","mime":"text/csv","datasource_type":"81bafdbd-b7c6-45c5-a4fd-6ec135f66f4e","object_key":"data_asset/COND2n.csv","creator_id":"icp4d-dev","create_time":1731619022785,"size":94321,"is_remote":false,"is_managed":false,"is_referenced":true,"is_object_key_read_only":true,"is_user_provided_path_key":true,"transfer_complete":true,"is_partitioned":false,"complete_time_ticks":1731619022785,"user_data":{},"test_doc":0,"handle":{"type":"assetfiles","key":"data_asset/COND2n.csv","upload_id":"done","max_part_num":1},"usage":{"access_count":0,"last_accessor_id":"icp4d-dev","last_access_time":1731619022785}}]}