{"metadata":{"asset_id":"628aec9a-1243-4c35-a1de-b1c5fdddac8f","asset_attributes":["data_asset"],"name":"COND2n.csv","asset_type":"data_asset","created_at":"2021-05-06T18:26:06Z","description":"This data is created from a fictitious simulation and consists of a number of concatenated series measured over time. Each record is a snapshot report on the machine. Pressure of 0 is normal, and 1 is a momentary pressure warning. A Status other than 0 is an error code.","origin_country":"us","owner_id":"1000330999","project_id":"45d8b8ea-c09f-4fc3-a170-cb7d2e5aab4f","size":94321,"tags":[],"usage":{"last_update_time":1620325864529,"last_updated_at":"2021-05-06T18:31:04Z"}},"entity":{"data_asset":{"mime_type":"text/csv","dataset":false}},"attachments":[{"id":"66e113b9-d6ba-41ec-8a9f-c565ac0e4a5c","version":2,"asset_type":"data_asset","name":"COND2n.csv","mime":"text/csv","datasource_type":"81bafdbd-b7c6-45c5-a4fd-6ec135f66f4e","object_key":"data_asset/COND2n.csv","creator_id":"1000330999","create_time":1620325568892,"size":94321,"is_remote":false,"is_managed":false,"is_referenced":true,"is_object_key_read_only":true,"is_user_provided_path_key":true,"transfer_complete":true,"is_partitioned":false,"complete_time_ticks":1620325568892,"user_data":{},"test_doc":0,"handle":{"key":"data_asset/COND2n.csv","upload_id":"done","max_part_num":1},"usage":{"access_count":0,"last_accessor_id":"1000330999","last_access_time":1620325568892}}]}