{"metadata":{"asset_id":"4cdf08ef-135a-4b62-a5cb-90c48cc53acf","asset_attributes":["data_asset"],"name":"tree_credit.csv","asset_type":"data_asset","created_at":"2024-11-14T21:17:02Z","description":"A bank maintains a database of historical information about customers who have taken out loans with the bank, including whether or not they repaid the loans (Credit rating = Good) or defaulted (Credit rating = Bad).","origin_country":"us","owner_id":"1000331001","project_id":"ea52bb43-3273-463f-8f4f-c491ba25ee93","size":153339,"tags":[],"usage":{"last_update_time":1731619023074,"last_updated_at":"2024-11-14T21:17:03Z"}},"entity":{"data_asset":{"mime_type":"text/csv","dataset":false}},"attachments":[{"id":"d61836e4-e9a9-4944-a8d1-2dbbb11e4a49","version":2,"asset_type":"data_asset","name":"tree_credit.csv","mime":"text/csv","datasource_type":"81bafdbd-b7c6-45c5-a4fd-6ec135f66f4e","object_key":"data_asset/tree_credit.csv","creator_id":"icp4d-dev","create_time":1731619022904,"size":153339,"is_remote":false,"is_managed":false,"is_referenced":true,"is_object_key_read_only":true,"is_user_provided_path_key":true,"transfer_complete":true,"is_partitioned":false,"complete_time_ticks":1731619022904,"user_data":{},"test_doc":0,"handle":{"type":"assetfiles","key":"data_asset/tree_credit.csv","upload_id":"done","max_part_num":1},"usage":{"access_count":0,"last_accessor_id":"icp4d-dev","last_access_time":1731619022904}}]}