{"metadata":{"asset_id":"3ab6029a-bcde-4fb6-a209-04719c175462","asset_attributes":["data_asset"],"name":"drug_long_name.csv","asset_type":"data_asset","created_at":"2024-11-14T21:17:02Z","description":"","origin_country":"us","owner_id":"1000331001","project_id":"ea52bb43-3273-463f-8f4f-c491ba25ee93","size":69309,"tags":[],"usage":{"last_update_time":1731619022985,"last_updated_at":"2024-11-14T21:17:02Z"}},"entity":{"data_asset":{"mime_type":"text/csv","dataset":false}},"attachments":[{"id":"900d28e6-1a2b-46fa-adbb-38159071c594","version":2,"asset_type":"data_asset","name":"drug_long_name.csv","mime":"text/csv","datasource_type":"81bafdbd-b7c6-45c5-a4fd-6ec135f66f4e","object_key":"data_asset/drug_long_name.csv","creator_id":"icp4d-dev","create_time":1731619022831,"size":69309,"is_remote":false,"is_managed":false,"is_referenced":true,"is_object_key_read_only":true,"is_user_provided_path_key":true,"transfer_complete":true,"is_partitioned":false,"complete_time_ticks":1731619022831,"user_data":{},"test_doc":0,"handle":{"type":"assetfiles","key":"data_asset/drug_long_name.csv","upload_id":"done","max_part_num":1},"usage":{"access_count":0,"last_accessor_id":"icp4d-dev","last_access_time":1731619022831}}]}