{"metadata":{"asset_id":"693ce4f9-0819-4754-bbb1-9093e5f276b0","asset_attributes":["data_asset"],"name":"GOODS1n.csv","asset_type":"data_asset","created_at":"2021-05-06T18:26:05Z","description":"Each record contains Class (product type), Cost (unit price), Promotion (index of amount spent on a particular promotion), Before (revenue before promotion), and After (revenue after promotion).","origin_country":"us","owner_id":"1000330999","project_id":"45d8b8ea-c09f-4fc3-a170-cb7d2e5aab4f","size":6436,"tags":[],"usage":{"last_update_time":1620325896829,"last_updated_at":"2021-05-06T18:31:36Z"}},"entity":{"data_asset":{"mime_type":"text/csv","dataset":false}},"attachments":[{"id":"ad48b00a-ae96-48da-9a9b-dc39e5087cf0","version":2,"asset_type":"data_asset","name":"GOODS1n.csv","mime":"text/csv","datasource_type":"81bafdbd-b7c6-45c5-a4fd-6ec135f66f4e","object_key":"data_asset/GOODS1n.csv","creator_id":"1000330999","create_time":1620325568207,"size":6436,"is_remote":false,"is_managed":false,"is_referenced":true,"is_object_key_read_only":true,"is_user_provided_path_key":true,"transfer_complete":true,"is_partitioned":false,"complete_time_ticks":1620325568207,"user_data":{},"test_doc":0,"handle":{"key":"data_asset/GOODS1n.csv","upload_id":"done","max_part_num":1},"usage":{"access_count":0,"last_accessor_id":"1000330999","last_access_time":1620325568207}}]}