{"metadata":{"asset_id":"0c5f2be6-6167-4e8d-af53-463c390f0f1b","asset_attributes":["data_asset"],"name":"tree_credit.csv","asset_type":"data_asset","created_at":"2021-05-06T18:26:08Z","description":"A bank maintains a database of historical information about customers who have taken out loans with the bank, including whether or not they repaid the loans (Credit rating = Good) or defaulted (Credit rating = Bad).","origin_country":"us","owner_id":"1000330999","project_id":"45d8b8ea-c09f-4fc3-a170-cb7d2e5aab4f","size":153339,"tags":[],"usage":{"last_update_time":1620325975080,"last_updated_at":"2021-05-06T18:32:55Z"}},"entity":{"data_asset":{"mime_type":"text/csv","dataset":false}},"attachments":[{"id":"a832c4de-8657-4e11-86d7-d651be3d34dd","version":2,"asset_type":"data_asset","name":"tree_credit.csv","mime":"text/csv","datasource_type":"81bafdbd-b7c6-45c5-a4fd-6ec135f66f4e","object_key":"data_asset/tree_credit.csv","creator_id":"1000330999","create_time":1620325569658,"size":153339,"is_remote":false,"is_managed":false,"is_referenced":true,"is_object_key_read_only":true,"is_user_provided_path_key":true,"transfer_complete":true,"is_partitioned":false,"complete_time_ticks":1620325569658,"user_data":{},"test_doc":0,"handle":{"key":"data_asset/tree_credit.csv","upload_id":"done","max_part_num":1},"usage":{"access_count":0,"last_accessor_id":"1000330999","last_access_time":1620325569658}}]}