{"metadata":{"asset_id":"3cfeb21b-4a14-41f5-b5bd-668ca41ac3d5","asset_attributes":["data_asset"],"name":"COND1n.csv","asset_type":"data_asset","created_at":"2021-05-06T18:26:08Z","description":"This data is created from a fictitious simulation and consists of a number of concatenated series measured over time. Each record is a snapshot report on the machine. Pressure of 0 is normal, and 1 is a momentary pressure warning. A Status other than 0 is an error code.","origin_country":"us","owner_id":"1000330999","project_id":"45d8b8ea-c09f-4fc3-a170-cb7d2e5aab4f","size":55312,"tags":[],"usage":{"last_update_time":1620325835553,"last_updated_at":"2021-05-06T18:30:35Z"}},"entity":{"data_asset":{"mime_type":"text/csv","dataset":false}},"attachments":[{"id":"6f600f36-8399-4fb4-a690-4e0893f5cc2e","version":2,"asset_type":"data_asset","name":"COND1n.csv","mime":"text/csv","datasource_type":"81bafdbd-b7c6-45c5-a4fd-6ec135f66f4e","object_key":"data_asset/COND1n.csv","creator_id":"1000330999","create_time":1620325569085,"size":55312,"is_remote":false,"is_managed":false,"is_referenced":true,"is_object_key_read_only":true,"is_user_provided_path_key":true,"transfer_complete":true,"is_partitioned":false,"complete_time_ticks":1620325569085,"user_data":{},"test_doc":0,"handle":{"key":"data_asset/COND1n.csv","upload_id":"done","max_part_num":1},"usage":{"access_count":0,"last_accessor_id":"1000330999","last_access_time":1620325569085}}]}