{"metadata":{"asset_id":"b63ebf16-9ac8-4ddf-bd5a-68ff9e146acd","asset_attributes":["data_asset"],"name":"drug_long_name.csv","asset_type":"data_asset","created_at":"2021-05-06T18:26:05Z","description":"","origin_country":"us","owner_id":"1000330999","project_id":"45d8b8ea-c09f-4fc3-a170-cb7d2e5aab4f","size":69309,"tags":[],"usage":{"last_update_time":1620325567825,"last_updated_at":"2021-05-06T18:26:07Z"}},"entity":{"data_asset":{"mime_type":"text/csv","dataset":false}},"attachments":[{"id":"1de282b4-4423-4d2e-8df5-93eb11237103","version":2,"asset_type":"data_asset","name":"drug_long_name.csv","mime":"text/csv","datasource_type":"81bafdbd-b7c6-45c5-a4fd-6ec135f66f4e","object_key":"data_asset/drug_long_name.csv","creator_id":"1000330999","create_time":1620325567825,"size":69309,"is_remote":false,"is_managed":false,"is_referenced":true,"is_object_key_read_only":true,"is_user_provided_path_key":true,"transfer_complete":true,"is_partitioned":false,"complete_time_ticks":1620325567825,"user_data":{},"test_doc":0,"handle":{"key":"data_asset/drug_long_name.csv","upload_id":"done","max_part_num":1},"usage":{"access_count":0,"last_accessor_id":"1000330999","last_access_time":1620325567825}}]}