{"metadata":{"asset_id":"0fb99b80-0b0a-4ae8-ac49-60164b6786c1","asset_attributes":["data_asset"],"name":"telco.csv","asset_type":"data_asset","created_at":"2021-05-06T18:26:09Z","description":"Customer data for a fictitious telecommunications company.","origin_country":"us","owner_id":"1000330999","project_id":"45d8b8ea-c09f-4fc3-a170-cb7d2e5aab4f","size":373283,"tags":[],"usage":{"last_update_time":1620325731976,"last_updated_at":"2021-05-06T18:28:51Z"}},"entity":{"data_asset":{"mime_type":"text/csv","dataset":false}},"attachments":[{"id":"90ecb4ff-82d0-41dd-bfc6-7333b0d702b7","version":2,"asset_type":"data_asset","name":"telco.csv","mime":"text/csv","datasource_type":"81bafdbd-b7c6-45c5-a4fd-6ec135f66f4e","object_key":"data_asset/telco.csv","creator_id":"1000330999","create_time":1620325569740,"size":373283,"is_remote":false,"is_managed":false,"is_referenced":true,"is_object_key_read_only":true,"is_user_provided_path_key":true,"transfer_complete":true,"is_partitioned":false,"complete_time_ticks":1620325569740,"user_data":{},"test_doc":0,"handle":{"key":"data_asset/telco.csv","upload_id":"done","max_part_num":1},"usage":{"access_count":0,"last_accessor_id":"1000330999","last_access_time":1620325569740}}]}