{"metadata":{"asset_id":"104167d9-c47d-4611-85a2-10224697bf3b","asset_attributes":["data_asset"],"name":"pm_customer_train1.csv","asset_type":"data_asset","created_at":"2021-05-06T18:26:30Z","description":"","origin_country":"us","owner_id":"1000330999","project_id":"45d8b8ea-c09f-4fc3-a170-cb7d2e5aab4f","size":2430953,"tags":[],"usage":{"last_update_time":1620325590938,"last_updated_at":"2021-05-06T18:26:30Z"}},"entity":{"data_asset":{"mime_type":"text/csv","dataset":false}},"attachments":[{"id":"63677085-1e1e-4780-915f-5991a0d65686","version":2,"asset_type":"data_asset","name":"pm_customer_train1.csv","mime":"text/csv","datasource_type":"81bafdbd-b7c6-45c5-a4fd-6ec135f66f4e","object_key":"data_asset/pm_customer_train1.csv","creator_id":"1000330999","create_time":1620325590938,"size":2430953,"is_remote":false,"is_managed":false,"is_referenced":true,"is_object_key_read_only":true,"is_user_provided_path_key":true,"transfer_complete":true,"is_partitioned":false,"complete_time_ticks":1620325590938,"user_data":{},"test_doc":0,"handle":{"key":"data_asset/pm_customer_train1.csv","upload_id":"done","max_part_num":1},"usage":{"access_count":0,"last_accessor_id":"1000330999","last_access_time":1620325590938}}]}