{"metadata":{"asset_id":"f7362607-095e-4bd7-95fe-1d718dbce86c","asset_attributes":["data_asset"],"name":"broadband_1.csv","asset_type":"data_asset","created_at":"2021-05-06T18:26:02Z","description":"Fictitious monthly usage data for each of a national broadband provider's 85 local markets. The DATE field indicates the month and year for each record.","origin_country":"us","owner_id":"1000330999","project_id":"45d8b8ea-c09f-4fc3-a170-cb7d2e5aab4f","size":30848,"tags":[],"usage":{"last_update_time":1620325695689,"last_updated_at":"2021-05-06T18:28:15Z"}},"entity":{"data_asset":{"mime_type":"text/csv","dataset":false}},"attachments":[{"id":"472da25d-0277-47cc-99c6-6bf5e9c5cfe2","version":2,"asset_type":"data_asset","name":"broadband_1.csv","mime":"text/csv","datasource_type":"81bafdbd-b7c6-45c5-a4fd-6ec135f66f4e","object_key":"data_asset/broadband_1.csv","creator_id":"1000330999","create_time":1620325566172,"size":30848,"is_remote":false,"is_managed":false,"is_referenced":true,"is_object_key_read_only":true,"is_user_provided_path_key":true,"transfer_complete":true,"is_partitioned":false,"complete_time_ticks":1620325566172,"user_data":{},"test_doc":0,"handle":{"key":"data_asset/broadband_1.csv","upload_id":"done","max_part_num":1},"usage":{"access_count":0,"last_accessor_id":"1000330999","last_access_time":1620325566172}}]}