{"metadata":{"asset_id":"252ddee2-6717-4a5d-9ba8-eb5b62e6de94","asset_attributes":["data_asset"],"name":"DRUG1n.csv","asset_type":"data_asset","created_at":"2021-05-06T18:26:04Z","description":"","origin_country":"us","owner_id":"1000330999","project_id":"45d8b8ea-c09f-4fc3-a170-cb7d2e5aab4f","size":8028,"tags":[],"usage":{"last_update_time":1620325567733,"last_updated_at":"2021-05-06T18:26:07Z"}},"entity":{"data_asset":{"mime_type":"text/csv","dataset":false}},"attachments":[{"id":"15611d18-4da4-49e7-b784-c2f83a327a6e","version":2,"asset_type":"data_asset","name":"DRUG1n.csv","mime":"text/csv","datasource_type":"81bafdbd-b7c6-45c5-a4fd-6ec135f66f4e","object_key":"data_asset/DRUG1n.csv","creator_id":"1000330999","create_time":1620325567733,"size":8028,"is_remote":false,"is_managed":false,"is_referenced":true,"is_object_key_read_only":true,"is_user_provided_path_key":true,"transfer_complete":true,"is_partitioned":false,"complete_time_ticks":1620325567733,"user_data":{},"test_doc":0,"handle":{"key":"data_asset/DRUG1n.csv","upload_id":"done","max_part_num":1},"usage":{"access_count":0,"last_accessor_id":"1000330999","last_access_time":1620325567733}}]}