{"metadata":{"asset_id":"19e38333-1d6d-402f-877e-338ddfdd6974","asset_attributes":["data_asset"],"name":"catalog_seasfac.csv","asset_type":"data_asset","created_at":"2024-11-14T21:17:02Z","description":"A fictitious catalog company's sales data for 10 years. The goal is to forecast monthly sales for their men's clothing line based on this data.","origin_country":"us","owner_id":"1000331001","project_id":"ea52bb43-3273-463f-8f4f-c491ba25ee93","size":16908,"tags":[],"usage":{"last_update_time":1731619022892,"last_updated_at":"2024-11-14T21:17:02Z"}},"entity":{"data_asset":{"mime_type":"text/csv","dataset":false}},"attachments":[{"id":"9c256f76-a7d5-45da-8be9-c02503d60af5","version":2,"asset_type":"data_asset","name":"catalog_seasfac.csv","mime":"text/csv","datasource_type":"81bafdbd-b7c6-45c5-a4fd-6ec135f66f4e","object_key":"data_asset/catalog_seasfac.csv","creator_id":"icp4d-dev","create_time":1731619022782,"size":16908,"is_remote":false,"is_managed":false,"is_referenced":true,"is_object_key_read_only":true,"is_user_provided_path_key":true,"transfer_complete":true,"is_partitioned":false,"complete_time_ticks":1731619022782,"user_data":{},"test_doc":0,"handle":{"type":"assetfiles","key":"data_asset/catalog_seasfac.csv","upload_id":"done","max_part_num":1},"usage":{"access_count":0,"last_accessor_id":"icp4d-dev","last_access_time":1731619022782}}]}