{"metadata":{"asset_id":"6d26a356-95aa-42f9-8343-7a00c547700b","asset_attributes":["data_asset"],"name":"GOODS2n.csv","asset_type":"data_asset","created_at":"2024-11-14T21:17:02Z","description":"Each record contains Class (product type), Cost (unit price), Promotion (index of amount spent on a particular promotion), Before (revenue before promotion), and After (revenue after promotion).","origin_country":"us","owner_id":"1000331001","project_id":"ea52bb43-3273-463f-8f4f-c491ba25ee93","size":12881,"tags":[],"usage":{"last_update_time":1731619023085,"last_updated_at":"2024-11-14T21:17:03Z"}},"entity":{"data_asset":{"mime_type":"text/csv","dataset":false}},"attachments":[{"id":"0cfd172e-f536-42b4-b12a-3a604044fde7","version":2,"asset_type":"data_asset","name":"GOODS2n.csv","mime":"text/csv","datasource_type":"81bafdbd-b7c6-45c5-a4fd-6ec135f66f4e","object_key":"data_asset/GOODS2n.csv","creator_id":"icp4d-dev","create_time":1731619022945,"size":12881,"is_remote":false,"is_managed":false,"is_referenced":true,"is_object_key_read_only":true,"is_user_provided_path_key":true,"transfer_complete":true,"is_partitioned":false,"complete_time_ticks":1731619022945,"user_data":{},"test_doc":0,"handle":{"type":"assetfiles","key":"data_asset/GOODS2n.csv","upload_id":"done","max_part_num":1},"usage":{"access_count":0,"last_accessor_id":"icp4d-dev","last_access_time":1731619022945}}]}