[{"name":"10 - Forecasting Bandwidth Utilization","description":"An%20analyst%20for%20a%20national%20broadband%20provider%20is%20required%20to%20produce%20forecasts%20of%20user%20subscriptions%20in%20order%20to%20predict%20utilization%20of%20bandwidth.%20Forecasts%20are%20needed%20for%20each%20of%20the%20local%20markets%20that%20make%20up%20the%20national%20subscriber%20base.%20You%20will%20use%20time%20series%20modeling%20to%20produce%20forecasts%20for%20the%20next%20three%20months%20for%20a%20number%20of%20local%20markets.%20A%20second%20example%20shows%20how%20you%20can%20convert%20source%20data%20if%20it%27s%20not%20in%20the%20correct%20format%20for%20input%20to%20the%20Time%20Series%20node.","origin_country":"us","asset_type":"machine-learning-stream","entity":{"machine-learning-stream":{"path":"/v1/ml-streams","properties":{"runtime":"spss-modeler","lock":{}},"flow_type":"spss"},"machine-learning-canvas-flow":{"properties":{}}},"attachments":[{"object_key":"machine-learning-stream/9995583a-3cbb-44b3-939f-67c28b993936","asset_type":"machine-learning-canvas-flow","user_data":{}}]}]