[{"name":"09 - Telecommunications Churn","description":"Logistic%20regression%20is%20a%20statistical%20technique%20for%20classifying%20records%20based%20on%20values%20of%20input%20fields.%20It%20is%20analogous%20to%20linear%20regression%20but%20takes%20a%20categorical%20target%20field%20instead%20of%20a%20numeric%20one.%20%5Cn%5CnThis%20example%20focuses%20on%20using%20usage%20data%20to%20predict%20customer%20loss%20%28churn%29.%20Because%20the%20target%20has%20two%20distinct%20categories%2C%20a%20binomial%20model%20is%20used.%20In%20the%20case%20of%20a%20target%20with%20multiple%20categories%2C%20a%20multinomial%20model%20could%20be%20created%20instead.","origin_country":"us","asset_type":"machine-learning-stream","entity":{"machine-learning-stream":{"path":"/v1/ml-streams","properties":{"runtime":"spss-modeler","lock":{}},"flow_type":"spss"},"machine-learning-canvas-flow":{"properties":{}}},"attachments":[{"object_key":"machine-learning-stream/15bc996c-4d06-40b4-9fd2-737cea40e428","asset_type":"machine-learning-canvas-flow","user_data":{}}]}]