[{"name":"01 - Introduction to Modeling","description":"A%20model%20is%20a%20set%20of%20rules%2C%20formulas%2C%20or%20equations%20that%20can%20be%20used%20to%20predict%20an%20outcome%20based%20on%20a%20set%20of%20input%20fields%20or%20variables.%20For%20example%2C%20a%20financial%20institution%20might%20use%20a%20model%20to%20predict%20whether%20loan%20applicants%20are%20likely%20to%20be%20good%20or%20bad%20risks%2C%20based%20on%20information%20that%20is%20already%20known%20about%20past%20applicants.%20The%20ability%20to%20predict%20an%20outcome%20is%20the%20central%20goal%20of%20predictive%20analytics%2C%20and%20understanding%20the%20modeling%20process%20is%20the%20key%20to%20using%20SPSS%20Modeler%20flows.","origin_country":"us","asset_type":"machine-learning-stream","entity":{"machine-learning-stream":{"path":"/v1/ml-streams","properties":{"runtime":"spss-modeler","lock":{}},"flow_type":"spss"},"machine-learning-canvas-flow":{"properties":{}}},"attachments":[{"object_key":"machine-learning-stream/4cd9ef89-64ce-4c44-8de1-8e21f112d18a","asset_type":"machine-learning-canvas-flow","user_data":{}}]}]