[{"name":"14 - Condition Monitoring","description":"This%20example%20concerns%20monitoring%20status%20information%20from%20a%20machine%20and%20the%20problem%20of%20recognizing%20and%20predicting%20fault%20states.%20The%20data%20is%20created%20from%20a%20fictitious%20simulation%20and%20consists%20of%20a%20number%20of%20concatenated%20series%20measured%20over%20time.","origin_country":"us","asset_type":"machine-learning-stream","entity":{"machine-learning-stream":{"path":"/v1/ml-streams","properties":{"runtime":"spss-modeler","lock":{}},"flow_type":"spss"},"machine-learning-canvas-flow":{"properties":{}}},"attachments":[{"object_key":"machine-learning-stream/9ea13962-aa3b-4b67-8bdc-1cf5cca030e7","asset_type":"machine-learning-canvas-flow","user_data":{}}]}]