[{"name":"13 - Retail Sales Promotion","description":"This%20example%20uses%20data%20that%20describes%20retail%20product%20lines%20and%20the%20effects%20of%20promotion%20on%20sales.%20The%20data%20is%20fictitious.%20Your%20goal%20in%20this%20example%20is%20to%20predict%20the%20effects%20of%20future%20sales%20promotions.%20Similar%20to%20the%20condition%20monitoring%20example%2C%20the%20data%20mining%20process%20consists%20of%20the%20exploration%2C%20data%20preparation%2C%20training%2C%20and%20test%20phases.","origin_country":"us","asset_type":"machine-learning-stream","entity":{"machine-learning-stream":{"path":"/v1/ml-streams","properties":{"runtime":"spss-modeler","lock":{}},"flow_type":"spss"},"machine-learning-canvas-flow":{"properties":{}}},"attachments":[{"object_key":"machine-learning-stream/e274bb55-82ab-4847-af91-5b2f6b01eb19","asset_type":"machine-learning-canvas-flow","user_data":{}}]}]