[{"name":"05 - Drug Treatment - Exploratory Graphs","description":"Imagine%20that%20you%20are%20a%20medical%20researcher%20compiling%20data%20for%20a%20study.%20You%20have%20collected%20data%20about%20a%20set%20of%20patients%2C%20all%20of%20whom%20suffered%20from%20the%20same%20illness.%20During%20their%20course%20of%20treatment%2C%20each%20patient%20responded%20to%20one%20of%20five%20medications.%20Part%20of%20your%20job%20is%20to%20use%20data%20mining%20to%20find%20out%20which%20drug%20might%20be%20appropriate%20for%20a%20future%20patient%20with%20the%20same%20illness.","origin_country":"us","asset_type":"machine-learning-stream","entity":{"machine-learning-stream":{"path":"/v1/ml-streams","properties":{"runtime":"spss-modeler","lock":{}},"flow_type":"spss"},"machine-learning-canvas-flow":{"properties":{}}},"attachments":[{"object_key":"machine-learning-stream/1bc83600-3600-4d8f-9fdb-bc0ee502d96d","asset_type":"machine-learning-canvas-flow","user_data":{}}]}]