[{"name":"12 - Making Offers to Customers - Self-Learning","description":"The%20Self-Learning%20Response%20Model%20%28SLRM%29%20node%20generates%20and%20enables%20the%20updating%20of%20a%20model%20that%20allows%20you%20to%20predict%20which%20offers%20are%20most%20appropriate%20for%20customers%20and%20the%20probability%20of%20the%20offers%20being%20accepted.%20These%20sorts%20of%20models%20are%20most%20beneficial%20in%20customer%20relationship%20management%2C%20such%20as%20marketing%20applications%20or%20call%20centers.","origin_country":"us","asset_type":"machine-learning-stream","entity":{"machine-learning-stream":{"path":"/v1/ml-streams","properties":{"runtime":"spss-modeler","lock":{}},"flow_type":"spss"},"machine-learning-canvas-flow":{"properties":{}}},"attachments":[{"object_key":"machine-learning-stream/07f73d1f-8666-402e-a10e-8cb10a7d6056","asset_type":"machine-learning-canvas-flow","user_data":{}}]}]