[{"name":"02 - Automated Modeling for a Flag Target","description":"With%20the%20Auto%20Classifier%20node%2C%20you%20can%20automatically%20create%20and%20compare%20a%20number%20of%20different%20models%20for%20either%20flag%20%28such%20as%20whether%20or%20not%20a%20given%20customer%20is%20likely%20to%20default%20on%20a%20loan%20or%20respond%20to%20a%20particular%20offer%29%20or%20nominal%20%28set%29%20targets.%20In%20this%20example%2C%20you%20can%20search%20for%20a%20flag%20%28yes%20or%20no%29%20outcome.%20%20The%20node%20generates%20and%20ranks%20a%20set%20of%20candidate%20models%2C%20chooses%20the%20ones%20that%20perform%20the%20best%2C%20and%20combines%20them%20into%20a%20single%20aggregated%20%28Ensembled%29%20model.","origin_country":"us","asset_type":"machine-learning-stream","entity":{"machine-learning-stream":{"path":"/v1/ml-streams","properties":{"runtime":"spss-modeler","lock":{}},"flow_type":"spss"},"machine-learning-canvas-flow":{"properties":{}}},"attachments":[{"object_key":"machine-learning-stream/479e3109-26f6-440f-9472-00395ec197eb","asset_type":"machine-learning-canvas-flow","user_data":{}}]}]