{"description":"The data_profile AssetType.","fields":[{"key":"dataset_id","type":"String","facet":false,"is_array":false,"is_searchable_across_types":false},{"key":"connection_id","type":"String","facet":false,"is_array":false,"is_searchable_across_types":false},{"key":"connection_path","type":"String","facet":false,"is_array":false,"is_searchable_across_types":false}],"relationships":[],"global_search_searchable":[],"attribute_only":true,"is_column_custom_attribute":false,"can_have_image":false,"version":1,"name":"data_profile","scope":"GLOBAL","allow_decorators":false}