{"description":"Data integration job","fields":[],"relationships":[],"properties":{"ext_attributes":{"type":"object","description":"Vendor specific attributes","is_array":false,"readonly":true,"validated":false,"displayInChild":false,"restricted":false,"label":{"default":"Attributes","en":"Attributes","it":"Attributi","sv":"Attribut","fr":"Attributs","es":"Atributos","pt":"Atributos","ru":"Атрибуты","zh-TW":"屬性","de":"Attribute","zh":"属性","ko":"속성","ja":"属性","pl":"Atrybuty"},"localized_metadata_attributes":{"description":{"default":"Vendor specific attributes","en":"Vendor specific attributes","it":"Attributi specifici del fornitore","sv":"Specifika attribut för leverantör","fr":"Attributs spécifiques au fournisseur","es":"Atributos específicos del proveedor","pt":"Atributos específicos do fornecedor","ru":"Атрибуты, связанные с поставщиком","zh-TW":"供應商特定屬性","de":"Anbieterspezifische Attribute","zh":"特定于供应商的属性","ko":"공급업체 특정 속성","ja":"ベンダー固有の属性","pl":"Atrybuty specyficzne dla dostawcy"}}}},"localized_metadata_attributes":{"name":{"default":"Data integration job","en":"Data integration job","de":"Datenintegrationsjob","es":"Trabajo de integración de datos","fr":"Travail d'intégration de données","it":"Lavoro di integrazione dati","ja":"データ統合ジョブ","ko":"데이터 통합 작업","pt":"Tarefa de integração de dados","ru":"Задание интеграции данных","sv":"Dataintegreringsjobb","zh":"数据集成作业","zh-TW":"資料整合工作","pl":"Zadanie integracji danych"},"description":{"default":"Data integration job","en":"Data integration job","de":"Datenintegrationsjob","es":"Trabajo de integración de datos","fr":"Travail d'intégration de données","it":"Lavoro di integrazione dati","ja":"データ統合ジョブ","ko":"데이터 통합 작업","pt":"Tarefa de integração de dados","ru":"Задание интеграции данных","sv":"Dataintegreringsjobb","zh":"数据集成作业","zh-TW":"資料整合工作","pl":"Zadanie integracji danych"}},"identity":{"strategy":"DUPLICATE_DETECTION_BY_RESOURCE_KEY"},"global_search_searchable":[],"attribute_only":false,"is_column_custom_attribute":false,"can_have_image":false,"version":1,"name":"data_integration_job","scope":"GLOBAL","allow_decorators":true}