{"description":"Data integration component","fields":[],"relationships":[],"properties":{"transformation_expression":{"type":"string","description":"Expression for the transformation","is_array":false,"readonly":true,"validated":false,"displayInChild":false,"restricted":false,"label":{"default":"Transformation expression","en":"Transformation expression","it":"Espressione di trasformazione","sv":"Transformationsuttryck","fr":"Expression de transformation","es":"Expresión de transformación","pt":"Expressão de transformação","ru":"Выражение преобразования","zh-TW":"轉換表示式","de":"Umsetzungsausdruck","zh":"变换表达式","ko":"변환 표현식","ja":"変換式","pl":"Wyrażenie transformacji"},"localized_metadata_attributes":{"description":{"default":"Expression for the transformation","en":"Expression for the transformation","it":"Espressione per la trasformazione","sv":"Uttryck för transformationen","fr":"Expression pour la transformation","es":"Expresión para la transformación","pt":"Expressão para a transformação","ru":"Выражение для преобразования","zh-TW":"轉換的表示式","de":"Ausdruck für die Umsetzung","zh":"变换的表达式","ko":"변환에 대한 표현식","ja":"変換の式","pl":"Wyrażenie dla transformacji"}}},"ext_attributes":{"type":"object","description":"Vendor specific attributes","is_array":false,"readonly":true,"validated":false,"displayInChild":false,"restricted":false,"label":{"default":"Attributes","en":"Attributes","it":"Attributi","sv":"Attribut","fr":"Attributs","es":"Atributos","pt":"Atributos","ru":"Атрибуты","zh-TW":"屬性","de":"Attribute","zh":"属性","ko":"속성","ja":"属性","pl":"Atrybuty"},"localized_metadata_attributes":{"description":{"default":"Vendor specific attributes","en":"Vendor specific attributes","it":"Attributi specifici del fornitore","sv":"Specifika attribut för leverantör","fr":"Attributs spécifiques au fournisseur","es":"Atributos específicos del proveedor","pt":"Atributos específicos do fornecedor","ru":"Атрибуты, связанные с поставщиком","zh-TW":"供應商特定屬性","de":"Anbieterspezifische Attribute","zh":"特定于供应商的属性","ko":"공급업체 특정 속성","ja":"ベンダー固有の属性","pl":"Atrybuty specyficzne dla dostawcy"}}}},"localized_metadata_attributes":{"name":{"default":"Data integration component","en":"Data integration component","de":"Datenintegrationskomponente","es":"Componente de integración de datos","fr":"Composant d'intégration de données","it":"Componente di integrazione dati","ja":"データ統合コンポーネント","ko":"데이터 통합 구성요소","pt":"Componente de integração de dados","ru":"Компонент интеграции данных","sv":"Dataintegrationskomponent","zh":"数据集成组件","zh-TW":"資料整合元件","pl":"Komponent integracji danych"},"description":{"default":"Data integration component","en":"Data integration component","de":"Datenintegrationskomponente","es":"Componente de integración de datos","fr":"Composant d'intégration de données","it":"Componente di integrazione dati","ja":"データ統合コンポーネント","ko":"데이터 통합 구성요소","pt":"Componente de integração de dados","ru":"Компонент интеграции данных","sv":"Dataintegrationskomponent","zh":"数据集成组件","zh-TW":"資料整合元件","pl":"Komponent integracji danych"}},"identity":{"strategy":"DUPLICATE_DETECTION_BY_RESOURCE_KEY"},"global_search_searchable":[],"attribute_only":false,"is_column_custom_attribute":false,"can_have_image":false,"version":1,"name":"data_integration_component","scope":"GLOBAL","allow_decorators":true}