{"description":"A schema library to import resources, such as XML/JSON schemas.","fields":[{"key":"dummy_field","type":"string","facet":false,"is_array":false,"is_searchable_across_types":false}],"relationships":[],"localized_metadata_attributes":{"name":{"de":"Schemabibliothek","ru":"Библиотека схем","sv":"Schemabibliotek","ko":"스키마 라이브러리","pt":"Biblioteca de esquema","zh-TW":"綱目程式庫","en":"Schema library","eo":"[Esperanto~Schema library~eo]","it":"Libreria di schemi","fr":"Bibliothèque de schémas","es":"Biblioteca de esquemas","zh":"模式库","default":"Schema library","ja":"スキーマ・ライブラリー"}},"global_search_searchable":[],"attribute_only":false,"is_column_custom_attribute":false,"can_have_image":false,"version":1,"name":"ds_xml_schema_library","scope":"GLOBAL","allow_decorators":true}