{"description":"A container for a logical data model","fields":[],"relationships":[],"properties":{"author":{"type":"string","description":"The organization or department that created the model.","is_array":false,"validated":false,"displayInChild":false,"restricted":false,"label":{"default":"Author","en":"Author","it":"Autore","sv":"Författare","fr":"Auteur","es":"Autor","pt":"Autor","ru":"Автор","zh-TW":"作者","de":"Autor","zh":"作者","ko":"작성자","ja":"作成者","pl":"Autor"},"localized_metadata_attributes":{"description":{"default":"The organization or department that created the model.","en":"The organization or department that created the model.","it":"L'organizzazione o il reparto che ha creato il modello.","sv":"Den organisation eller avdelning som skapade modellen.","fr":"Organisation ou service qui a créé le modèle.","es":"Organización o departamento que ha creado el modelo.","pt":"A organização ou o departamento que criou o modelo.","ru":"Организация или отдел, создающие модель.","zh-TW":"建立模型的組織或部門。","de":"Die Organisation oder Abteilung, die das Modell erstellt hat.","zh":"创建模型的组织或部门。","ko":"모델을 작성한 조직 또는 부서입니다.","ja":"モデルを作成した組織または部門。","pl":"Organizacja lub dział, który utworzył model."}}},"version":{"type":"string","description":"The version of the model or the release of the model.","is_array":false,"validated":false,"displayInChild":false,"restricted":false,"label":{"default":"Version","en":"Version","it":"Versione","sv":"Version","fr":"Version","es":"Versión","pt":"Versão","ru":"Версия","zh-TW":"版本","de":"Version","zh":"版本","ko":"버전","ja":"バージョン","pl":"Wersja"},"localized_metadata_attributes":{"description":{"default":"The version of the model or the release of the model.","en":"The version of the model or the release of the model.","it":"La versione del modello o la release del modello.","sv":"Modellens version eller utgåva.","fr":"Version du modèle ou édition du modèle.","es":"La versión del modelo o el release del modelo.","pt":"A versão do modelo ou a liberação do modelo.","ru":"Версия модели или выпуск модели.","zh-TW":"模型的版本或模型的版次。","de":"Die Version des Modells oder das Release des Modells","zh":"模型的版本或模型的发行版。","ko":"모델의 버전 또는 모델의 릴리스입니다.","ja":"モデルのバージョンまたはモデルのリリース。","pl":"Wersja modelu lub wydanie modelu."}}},"namespace":{"type":"string","description":"The value that helps to uniquely identify the model. It can include information about the business domain, name of the product or modeling tool","is_array":false,"validated":false,"displayInChild":false,"restricted":false,"label":{"default":"Namespace","en":"Namespace","it":"Namespace","sv":"Namnfält","fr":"Espace de nom","es":"Espacio de nombres","pt":"Namespace:","ru":"Пространство  имен","zh-TW":"名稱空間","de":"Namensbereich","zh":"名称空间","ko":"네임스페이스","ja":"名前空間","pl":"Przestrzeń nazw"},"localized_metadata_attributes":{"description":{"default":"The value that helps to uniquely identify the model. It can include information about the business domain, name of the product or modeling tool","en":"The value that helps to uniquely identify the model. It can include information about the business domain, name of the product or modeling tool","it":"Il valore che consente di identificare in modo univoco il modello. Può includere informazioni sul dominio di business, sul nome del prodotto o dello strumento di modellazione","sv":"Värdet som hjälper till att unikt identifiera modellen. Den kan innehålla information om affärsdomänen, namnet på produkten eller modelleringsverktyget","fr":"Valeur permettant l'identification unique du modèle. Elle peut inclure des informations sur le domaine métier, le nom du produit ou l'outil de modélisation","es":"El valor que ayuda a identificar de forma exclusiva el modelo. Puede incluir información sobre el dominio empresarial, el nombre del producto o la herramienta de modelado","pt":"O valor que ajuda a identificar exclusivamente o modelo. Isto pode incluir informações sobre o domínio de negócios, o nome do produto ou a ferramenta de modelagem.","ru":"Значение, которое помогает однозначно идентифицировать модель. Он может включать информацию о бизнес-домене, имя продукта или инструмент моделирования","zh-TW":"協助唯一識別模型的值。 它可以包括業務領域、產品名稱或建模工具的相關資訊","de":"Der Wert, mit dem das Modell eindeutig identifiziert werden kann. Er kann Informationen zur Geschäftsdomäne, zum Namen des Produkts oder zum Modellierungstool enthalten","zh":"帮助唯一标识模型的值。 它可以包含有关业务域、产品名称或建模工具的信息","ko":"모델을 고유하게 식별하는 데 도움이 되는 값입니다. 비즈니스 도메인, 제품 이름 또는 모델링 도구에 대한 정보를 포함할 수 있음","ja":"モデルを一意的に識別するために役立つ値。 これにはビジネス・ドメイン、製品の名前、またはモデリング・ツールに関する情報を含めることができます。","pl":"Wartość, która pomaga jednoznacznie zidentyfikować model. Może zawierać informacje o domenie biznesowej, nazwę produktu lub narzędzia do modelowania."}}},"copyright":{"type":"string","description":"The model copyright information.","is_array":false,"validated":false,"displayInChild":false,"restricted":false,"label":{"default":"Copyright","en":"Copyright","it":"Copyright","sv":"Copyright","fr":"Copyright","es":"Copyright","pt":"Copyright","ru":"Информация об авторских правах","zh-TW":"Copyright","de":"Copyright","zh":"版权","ko":"Copyright","ja":"著作権","pl":"Copyright"},"localized_metadata_attributes":{"description":{"default":"The model copyright information.","en":"The model copyright information.","it":"Le informazioni sul copyright del modello.","sv":"Modellens copyright-information.","fr":"Informations sur les droits d'auteur du modèle.","es":"La información de copyright del modelo.","pt":"As informações de copyright do modelo.","ru":"Информация об авторских правах модели.","zh-TW":"模型著作權資訊。","de":"Der Copyrightvermerk des Modells.","zh":"模型版权信息。","ko":"모델 저작권 정보입니다.","ja":"モデルの著作権情報。","pl":"Informacje o prawach autorskich modelu."}}},"license":{"type":"string","description":"The model license information.","is_array":false,"validated":false,"displayInChild":false,"restricted":false,"label":{"default":"License","en":"License","it":"Licenza","sv":"Licens","fr":"Licence","es":"Licencia","pt":"Licença","ru":"Лицензия","zh-TW":"授權","de":"Lizenz","zh":"许可证","ko":"라이센스","ja":"ライセンス","pl":"Licencja"},"localized_metadata_attributes":{"description":{"default":"The model license information.","en":"The model license information.","it":"Le informazioni sulla licenza del modello.","sv":"Modellens licensinformation.","fr":"Informations sur la licence du modèle.","es":"La información de licencia de modelo.","pt":"As informações da licença do modelo.","ru":"Информация о лицензии модели.","zh-TW":"模型授權資訊。","de":"Die Modelllizenzinformationen.","zh":"模型许可证信息。","ko":"모델 라이센스 정보입니다.","ja":"モデルのライセンス情報。","pl":"Informacje o licencji modelu."}}},"notes":{"type":"string","is_array":false,"validated":false,"displayInChild":false,"restricted":false,"label":{"default":"Notes","en":"Notes","it":"Note","sv":"Noteringar","fr":"Remarques","es":"Notas","pt":"Notas","ru":"Заметки","zh-TW":"附註：","de":"Hinweise","zh":"注意","ko":"참고","ja":"ノート","pl":"Uwagi"},"localized_metadata_attributes":{"description":{"default":"Free form textual notes that a user can add","en":"Free form textual notes that a user can add","it":"Note testuali in formato libero che un utente può aggiungere","sv":"Egendefinierade anteckningar som en användare kan lägga till","fr":"Notes textuelles en format libre qu'un utilisateur peut ajouter","es":"Notas textuales de formato libre que un usuario puede añadir","pt":"Notas textuais de formato livre que um usuário pode incluir","ru":"Свободные текстовые заметки, которые пользователь может добавить","zh-TW":"使用者可以新增的開放式文字附註","de":"Textnotizen in freiem Format, die ein Benutzer hinzufügen kann","zh":"用户可以添加的自由格式文本注释","ko":"사용자가 추가할 수 있는 자유 양식 텍스트 노트","ja":"ユーザーが追加できるフリー・フォームのテキストによる注記","pl":"Dowolne notatki tekstowe, które mogą zostać dodane przez użytkownika"}}}},"localized_metadata_attributes":{"name":{"default":"Logical model","en":"Logical model","de":"Logisches Modell","es":"Modelo lógico","fr":"Modèle logique","it":"Modello logico","ja":"論理モデル","ko":"논리 모델","pt":"Modelo lógico","ru":"logical model","sv":"Logisk modell","zh":"逻辑模型","zh-TW":"邏輯模型","pl":"Model logiczny"},"description":{"default":"A container for a logical data model","en":"A container for a logical data model","de":"Ein Container für ein logisches Datenmodell","es":"Un contenedor para un modelo de datos lógico","fr":"Un conteneur pour un modèle de données logique","it":"Un contenitore per un modello di dati logico","ja":"論理データ・モデルのコンテナー","ko":"논리 데이터 모델의 컨테이너","pt":"Um contêiner para um modelo de dados lógicos","ru":"Контейнер для логической модели данных","sv":"En behållare för en logisk datamodell","zh":"逻辑数据模型的容器","zh-TW":"邏輯資料模型的儲存器","pl":"Kontener dla logicznego modelu danych"}},"identity":{"strategy":"DUPLICATE_DETECTION_BY_NAME_AND_RESOURCE_KEY"},"global_search_searchable":[],"attribute_only":false,"is_column_custom_attribute":false,"can_have_image":false,"version":1,"name":"ibm_logical_model","scope":"GLOBAL","allow_decorators":true}