{"description":"A relationships between two entities that may be resulting in Foreign Key constraint when transformed to physical model","fields":[],"relationships":[],"properties":{"verb_phrase":{"type":"string","description":"Describes the verb used for the relationship (reads: parent entity - verb - child entity).","is_array":false,"validated":false,"displayInChild":false,"restricted":false,"label":{"default":"Verb phrase","en":"Verb phrase","it":"Frase verbo","sv":"Verbfras","fr":"Phrase d'instruction","es":"Frase de verbo","pt":"Frase verbal","ru":"Словосочетание","zh-TW":"動詞詞組","de":"Verbphrase","zh":"动词短语","ko":"동사 구문","ja":"動詞句","pl":"Fraza komendy"},"localized_metadata_attributes":{"description":{"default":"Describes the verb used for the relationship (reads: parent entity - verb - child entity).","en":"Describes the verb used for the relationship (reads: parent entity - verb - child entity).","it":"Descrive il verbo utilizzato per la relazione (ovvero: entità principale - verbo - entità secondaria).","sv":"Beskriver det verb som används för relationen (läses: överordnad enhet - verb - underordnad entitet).","fr":"Décrit l'instruction utilisée pour la relation (comme suit : entité parent - instruction - entité enfant).","es":"Describe el verbo utilizado para la relación (lee: entidad padre - verbo - entidad hijo).","pt":"Descreve o verbo (ação) usado para o relacionamento (lê: entidade pai - verbo - entidade filha).","ru":"Описывает глагол, используемый для взаимосвязи (читает: родительский объект-объект-дочерний элемент).","zh-TW":"說明用於關係的動詞（如下所示：母項實體 - 動詞 - 子項實體）。","de":"Beschreibt das für die Beziehung verwendete Verb (lautet: übergeordnete Entität - Verb - untergeordnete Entität).","zh":"描述用于关系的动词（读法：父实体 - 动词 - 子实体）。","ko":"관계에 사용되는 동사를 설명합니다(읽기: 상위 엔티티-동사-하위 엔티티).","ja":"関係に使用される動詞を記述します(reads: parent entity - verb - child entity)。","pl":"Opisuje komendę używaną dla relacji (ma następującą postać: obiekt nadrzędny – komenda – obiekt podrzędny)."}}},"inverse_verb_phrase":{"type":"string","description":"Describes the inverse verb used for the relationship (reads: child entity - verb - parent entity).","is_array":false,"validated":false,"displayInChild":false,"restricted":false,"label":{"default":"Inverse verb phrase","en":"Inverse verb phrase","it":"Frase verbo inverso","sv":"Inverterad verbfras","fr":"Expression d'instruction inverse","es":"Frase de verbo inverso","pt":"Frase verbal inversa","ru":"Обратная глагольная фраза","zh-TW":"反向動詞詞組","de":"Phrase für inverses Verb","zh":"反向动词短语","ko":"역동사 구문","ja":"逆動詞句","pl":"Fraza komendy odwrotnej"},"localized_metadata_attributes":{"description":{"default":"Describes the inverse verb used for the relationship (reads: child entity - verb - parent entity).","en":"Describes the inverse verb used for the relationship (reads: child entity - verb - parent entity).","it":"Descrive il verbo inverso utilizzato per la relazione (ovvero: entità secondaria - verbo - entità principale).","sv":"Beskriver det inverterade verb som används för relationen (läses: underordnad entitet - verb - överordnad enhet).","fr":"Décrit l'instruction inverse utilisée pour la relation (comme suit : entité enfant - instruction - entité parent).","es":"Describe el verbo inverso utilizado para la relación (lee: entidad hijo - verbo - entidad padre).","pt":"Descreve o verbo inverso usado para o relacionamento (lê: entidade filha - verbo - entidade pai).","ru":"Описывает обратную команду, использую для взаимосвязи (читает: дочерний объект-дочерний элемент-родительский объект).","zh-TW":"說明用於關係的反向動詞（如下所示：子項實體 - 動詞 - 母項實體）。","de":"Beschreibt das inverse Verb, das für die Beziehung verwendet wird (lautet: untergeordnete Entität - Verb - übergeordnete Entität).","zh":"描述用于关系的反向动词（读法：子实体 - 动词 - 父实体）。","ko":"관계에 사용되는 역동사를 설명합니다(읽기: 하위 엔티티-동사-상위 엔티티).","ja":"関係に使用される逆動詞を記述します(reads: child entity - verb - parent entity)。","pl":"Opisuje komendę odwrotną używaną dla relacji (ma następującą postać: obiekt podrzędny – komenda – obiekt nadrzędny)."}}},"cardinality":{"type":"string","description":"Defines how the relationship would need to be transformed in physical model.  For example: \"0..1\", \"1..1\", \"0..n\", \"1..n\",  \"Exact Range\", \"m..n\" (many-to-many)","is_array":false,"validated":false,"displayInChild":false,"restricted":false,"label":{"default":"Cardinality","en":"Cardinality","it":"Cardinalità","sv":"Kardinalitet","fr":"Cardinalité","es":"Cardinalidad","pt":"Cardinalidade","ru":"Кардинальность","zh-TW":"基數","de":"Kardinalität","zh":"基数","ko":"카디널리티","ja":"カーディナリティー","pl":"Liczność"},"localized_metadata_attributes":{"description":{"default":"Defines how the relationship would need to be transformed in physical model.  For example: \"0..1\", \"1..1\", \"0..n\", \"1..n\",  \"Exact Range\", \"m..n\" (many-to-many)","en":"Defines how the relationship would need to be transformed in physical model.  For example: \"0..1\", \"1..1\", \"0..n\", \"1..n\",  \"Exact Range\", \"m..n\" (many-to-many)","it":"Definisce il modo in cui la relazione deve essere trasformata nel modello fisico. Ad esempio: \"0..1\", \"1..1\", \"0..n\", \"1..n\", \" Intervallo esatto\",\" m..n\" (molti-a-molti)","sv":"Definierar hur relationen skulle behöva omvandlas i fysisk modell. Exempel: \"0..1\",\"1..1\",\"0..n\",\"1..n\",\"Exakt intervall\",\"m..n\" (många-till-många)","fr":"Définit comment la relation doit être transformée dans un modèle physique.  Exemple : \"0..1\", \"1..1\", \"0..n\", \"1..n\",  \"Plage exacte\", \"m..n\" (many-to-many)","es":"Define cómo debería transformarse la relación en el modelo físico. Por ejemplo: \"0..1\", \"1..1\", \"0..n\", \"1..n\", \"Rango exacto\",\" m..n \" (de muchos a muchos)","pt":"Define como o relacionamento deverá ser transformado em um modelo físico. Por exemplo: \"0..1\", \"1..1\", \"0..n\", \"1..n\", \"Intervalo exato\", \" m..n\" (muitos para muitos)","ru":"Определяет, каким образом взаимосвязь должна быть преобразована в физическую модель.  Например: \"0 .. 1 \",\" 1 .. 1 \",\"0..n\",\"1..n\",\" Exact Range \",\" m .. n \" (многие-ко-многим)","zh-TW":"定義需要在實體模型中轉換關係的方式。 例如: \"0..1\"，\"1..1\"，\" 0..n \"，\" 1..n  \"，\"確切範圍\"，\"m..n\" （多對多）","de":"Definiert, wie die Beziehung im physischen Modell transformiert werden muss. Beispiel: \"0 .. 1\", \"1 .. 1\", \"0..n\", \"1..n\", \"Exact Range\", \"m .. n\" (many-to-many)","zh":"定义物理模型中关系需要如何转换。 例如：“0..1”、“1..1”、“0..n”、“1..n”、“Exact Range”、“m..n”（多到多）","ko":"실제 모델에서 관계를 변환해야 하는 방법을 정의합니다. 예를 들어 \"0..1\", \"1..1\", \"0..n\", \"1..n\", \"정확한 범위\", \"m..n\"(다대다)과 같은 예시가 있습니다.","ja":"関係を物理モデルでどのように変換する必要があるかを定義します。 例: \"0..1\", \"1..1\", \"0..n\", \"1..n\",  \"Exact Range\", \"m..n\" (many-to-many)","pl":"Definiuje sposób, w jaki relacja powinna być transformowana w modelu fizycznym. Na przykład: \"0..1\", \"1..1\", \"0..n\", \"1..n\", \"Dokładny zakres\", \"m..n\" (wiele-do-wielu)"}}},"existence":{"type":"string","description":"Information about whether the LDM attribute is intended to be persisted when transformed to column or is meant to be only in logical model","is_array":false,"validated":false,"displayInChild":false,"restricted":false,"label":{"default":"Existence","en":"Existence","it":"Esistenza","sv":"Förekomst","fr":"Existence","es":"Existencia","pt":"Existência","ru":"Существование","zh-TW":"存在","de":"Vorhandensein","zh":"存在","ko":"존재","ja":"存在","pl":"Istnienie"},"localized_metadata_attributes":{"description":{"default":"Information about whether the LDM attribute is intended to be persisted when transformed to column or is meant to be only in logical model","en":"Information about whether the LDM attribute is intended to be persisted when transformed to column or is meant to be only in logical model","it":"Informazioni che indicano se l'attributo LDM deve essere reso persistente quando viene trasformato in colonna o se deve essere solo in un modello logico","sv":"Information om huruvida LDM-attributet är avsett att vara kvar när det transformeras till kolumn eller är avsedd att vara endast i logisk modell","fr":"Informations indiquant si l'attribut LDM doit être conservé lors de la transformation en colonne ou s'il est destiné à figurer uniquement dans un modèle logique","es":"Información sobre si el atributo LDM está destinado a persistir cuando se transforma en columna o está destinado a estar sólo en el modelo lógico","pt":"As informações sobre se o atributo LDM deve ser persistido quando transformado em coluna ou se deve estar apenas no modelo lógico.","ru":"Информация о том, предназначен ли атрибут LDM для сохранения при преобразовании в столбец или предназначен только для логической модели","zh-TW":"當 LDM 屬性轉換成直欄時要持續保存，還是打算只在邏輯模型中的相關資訊","de":"Informationen dazu, ob das LDM-Attribut persistent gespeichert werden soll, wenn es in eine Spalte umgewandelt wird oder nur im logischen Modell enthalten sein soll","zh":"有关 LDM 属性在变换为列时是要持久存储还是仅留在逻辑模型中的信息","ko":"LDM 속성이 열로 변환될 때 지속되도록 의도되었는지 또는 논리 모델에서만 지속되도록 의도되었는지 여부에 대한 정보","ja":"LDM属性が列に変換されるときに永続化されることを意図しているか、論理モデルにのみ存在することを意図しているかについての情報","pl":"Informacja o tym, czy atrybut LDM ma być utrwalany podczas transformowania do kolumny, czy tylko w modelu logicznym"}}},"notes":{"type":"string","is_array":false,"validated":false,"displayInChild":false,"restricted":false,"label":{"default":"Notes","en":"Notes","it":"Note","sv":"Noteringar","fr":"Remarques","es":"Notas","pt":"Notas","ru":"Заметки","zh-TW":"附註：","de":"Hinweise","zh":"注意","ko":"참고","ja":"ノート","pl":"Uwagi"},"localized_metadata_attributes":{"description":{"default":"Free form textual notes that a user can add","en":"Free form textual notes that a user can add","it":"Note testuali in formato libero che un utente può aggiungere","sv":"Egendefinierade anteckningar som en användare kan lägga till","fr":"Notes textuelles en format libre qu'un utilisateur peut ajouter","es":"Notas textuales de formato libre que un usuario puede añadir","pt":"Notas textuais de formato livre que um usuário pode incluir","ru":"Свободные текстовые заметки, которые пользователь может добавить","zh-TW":"使用者可以新增的開放式文字附註","de":"Textnotizen in freiem Format, die ein Benutzer hinzufügen kann","zh":"用户可以添加的自由格式文本注释","ko":"사용자가 추가할 수 있는 자유 양식 텍스트 노트","ja":"ユーザーが追加できるフリー・フォームのテキストによる注記","pl":"Dowolne notatki tekstowe, które mogą zostać dodane przez użytkownika"}}}},"localized_metadata_attributes":{"name":{"default":"Logical model relationship","en":"Logical model relationship","de":"Beziehung des logischen Modells","es":"Relación de modelo lógico","fr":"Relation du modèle logique","it":"Relazione del modello logico","ja":"論理モデル関係","ko":"논리 모델 관계","pt":"Relacionamento do modelo lógico","ru":"Взаимосвязь логической модели","sv":"Logisk modellrelation","zh":"逻辑模型关系","zh-TW":"邏輯模型關係","pl":"Relacja modelu logicznego"},"description":{"default":"A relationships between two entities that may be resulting in foreign key constraint when transformed to physical model","en":"A relationships between two entities that may be resulting in foreign key constraint when transformed to physical model","de":"Eine Beziehung zwischen zwei Entitäten, die bei der Transformation in ein physisches Modell zu einer Integritätsbedingung über Fremdschlüssel führen kann","es":"Relaciones entre dos entidades que pueden dar como resultado una restricción de clave foránea cuando se transforma en un modelo físico","fr":"Une relation entre deux entités qui peut entraîner une contrainte de clé externe lorsqu'elle est transformée en modèle physique","it":"Una relazione tra due entità che può generare un vincolo di chiave esterna quando viene trasformato in un modello fisico","ja":"物理モデルへの変換時に外部キー制約になる可能性がある2つのエンティティー間の関係","ko":"실제 모델로 변환될 때 외부 키 제한조건이 발생할 수 있는 두 엔티티 간의 관계","pt":"Um relacionamento entre duas entidades que pode resultar em restrição de chave estrangeira quando transformado em modelo físico.","ru":"Взаимосвязи между двумя объектами, которые могут быть результатом ограничения внешнего ключа при преобразовании в физическую модель","sv":"En relation mellan två entiteter som kan resultera i regel för främmande nyckel när den omvandlas till fysisk modell","zh":"转换为物理模型时可能导致“外键”约束的两个实体之间的关系","zh-TW":"兩個實體之間的關係，在轉換為實體模型時可能會導致外部索引鍵限制","pl":"Relacje między dwoma obiektami, które mogą spowodować ograniczenie klucza obcego po przekształceniu w model fizyczny"}},"identity":{"strategy":"DUPLICATE_DETECTION_BY_NAME_AND_RESOURCE_KEY"},"global_search_searchable":[],"attribute_only":false,"is_column_custom_attribute":false,"can_have_image":false,"version":1,"name":"ibm_logical_model_relationship","scope":"GLOBAL","allow_decorators":true}