{"description":"The asset type that describes the Unstructured data processor flow asset","fields":[{"key":"state","type":"string","facet":true,"is_array":false,"search_path":"state","is_searchable_across_types":false},{"key":"job_id","type":"string","facet":false,"is_array":false,"search_path":"job_id","is_searchable_across_types":false}],"relationships":[],"properties":{"state":{"type":"string","is_array":false,"required":false,"hidden":true,"validated":false,"displayInChild":false,"restricted":false,"default_value":"Active","label":{"default":"State","en":"State","ko":"상태","ru":"Статус","pt":"Estado","zh-TW":"狀態","ja":"状態","it":"Stato","pl":"Stan","fr":"Etat","de":"Status","sv":"Status","es":"Estado","zh":"状态"},"localized_metadata_attributes":{"description":{"default":"Indicates state","en":"Indicates state","ko":"상태 표시","ru":"Указывает состояние","pt":"Indica o estado.","zh-TW":"指出狀態","ja":"状態を示します","it":"Indica lo stato","pl":"Wskazuje stan","fr":"Indique l'état","de":"Gibt den Status an","sv":"Indikerar tillstånd","es":"Indica el estado","zh":"指示状态"}}},"job_id":{"type":"string","is_array":false,"required":false,"hidden":true,"validated":false,"displayInChild":false,"restricted":false,"label":{"default":"Job id","en":"Job id","ko":"작업 ID","ru":"ID задания","pt":"ID da tarefa","zh-TW":"工作 ID","ja":"ジョブ ID","it":"Id lavoro","pl":"Identyfikator zadania","fr":"ID travail","de":"Job-ID","sv":"Jobb-ID","es":"ID de trabajo","zh":"作业标识"},"localized_metadata_attributes":{"description":{"default":"Indicates ID of the job that have executed the flow","en":"Indicates ID of the job that have executed the flow","ko":"흐름을 실행한 작업의 ID를 나타냅니다","ru":"Указывает идентификатор задания, выполнившего поток.","pt":"Indica a ID do trabalho que executou o fluxo","zh-TW":"表示已執行流程的作業ID","ja":"フローを実行したジョブのIDを示す","it":"Indica l'ID del lavoro che ha eseguito il flusso","pl":"Wskazuje identyfikator zadania, które wykonało przepływ","fr":"Indique l'ID du travail qui a exécuté le flux","de":"Gibt die ID des Auftrags an, der den Fluss ausgeführt hat","sv":"Indikerar ID för jobbet som har utfört flödet","es":"Indica el ID del trabajo que ha ejecutado el flujo","zh":"表示已执行流程的作业 ID"}}},"last_execution_time":{"type":"string","is_array":false,"required":false,"hidden":true,"validated":false,"displayInChild":false,"restricted":false,"label":{"default":"Last execution time","en":"Last execution time","ko":"마지막 실행 시간","ru":"Время последнего выполнения","pt":"Horário da Última Execução","zh-TW":"前次執行時間","ja":"最後の実行時間","it":"Data/ora ultima esecuzione","pl":"Czas ostatniego wykonania","fr":"Dernier temps d'exécution","de":"Letzte Ausführungszeit","sv":"Senaste körningstid","es":"Última hora de ejecución","zh":"上次执行时间"},"localized_metadata_attributes":{"description":{"default":"Indicates last executed time","en":"Indicates last executed time","ko":"마지막으로 실행된 시간을 나타냅니다","ru":"Указывает время последнего выполнения","pt":"Indica a última hora de execução","zh-TW":"表示上次執行時間","ja":"最後に実行された時間を示す","it":"Indica l'ora dell'ultima esecuzione","pl":"Wskazuje czas ostatniego wykonania","fr":"Indique la dernière heure d'exécution","de":"Zeigt die zuletzt ausgeführte Zeit an","sv":"Indikerar senaste exekveringstiden","es":"Indica la última hora de ejecución","zh":"表示最后执行时间"}}},"runtime_properties":{"type":"object","is_array":false,"required":false,"hidden":true,"validated":false,"displayInChild":false,"restricted":false,"label":{"default":"Runtime properties","en":"Runtime properties","ko":"런타임 속성","ru":"Свойства времени выполнения","pt":"Propriedades de tempo de execução","zh-TW":"運行時屬性","ja":"ランタイム・プロパティー","it":"Proprietà di runtime","pl":"Właściwości środowiska wykonawczego","fr":"Propriétés d'exécution","de":"Laufzeit-Eigenschaften","sv":"Körtidsegenskaper","es":"Propiedades de tiempo de ejecución","zh":"运行时属性"},"localized_metadata_attributes":{"description":{"default":"A set of key value pairs are defined that are required for flow execution","en":"A set of key value pairs are defined that are required for flow execution","ko":"흐름 실행에 필요한 키 값 쌍이 정의됩니다","ru":"Определен набор пар «ключ-значение», необходимых для выполнения потока.","pt":"É definido um conjunto de pares de valores-chave que são necessários para a execução do fluxo","zh-TW":"定義了流程執行所需的一組鍵值對","ja":"フローの実行に必要なキーと値のペアが定義されている","it":"Viene definito un insieme di coppie chiave-valore necessarie per l'esecuzione del flusso","pl":"Zdefiniowano zestaw par klucz-wartość, które są wymagane do wykonania przepływu","fr":"Un ensemble de paires clé/valeur est défini, nécessaire à l'exécution du flux","de":"Es wird eine Reihe von Schlüssel-Wert-Paaren definiert, die für die Ausführung des Ablaufs erforderlich sind","sv":"En uppsättning nyckelvärdepar definieras som krävs för flödesexekvering","es":"Se define un conjunto de pares clave-valor necesarios para la ejecución del flujo","zh":"定义了流程执行所需的一组键值对"}}}},"localized_metadata_attributes":{"name":{"default":"Unstructured data processor flow","en":"Unstructured data processor flow","ko":"비정형 데이터 프로세서 흐름","ru":"Неструктурированный поток обработки данных","pt":"Fluxo do processador de dados não estruturados","zh-TW":"非結構化資料處理器流程","ja":"非構造化データ処理フロー","it":"Flusso del processore di dati non strutturati","pl":"Przepływ procesora danych niestrukturalnych","fr":"Flux du processeur de données non structurées","de":"Unstrukturierter Datenprozessorfluss","sv":"Ostrukturerat dataprocessorflöde","es":"Flujo del procesador de datos no estructurados","zh":"非结构化数据处理器流程"},"description":{"default":"The asset type that describes the Unstructured data processor flow asset","en":"The asset type that describes the Unstructured data processor flow asset","ko":"비정형 데이터 프로세서 흐름 자산을 설명하는 자산 유형입니다","ru":"Тип актива, описывающий актив потока обработки неструктурированных данных.","pt":"O tipo de ativo que descreve o ativo de fluxo do processador de dados não estruturados","zh-TW":"描述非結構化資料處理器流資產的資產類型","ja":"非構造化データ処理フロー資産を表す資産タイプ","it":"Il tipo di asset che descrive l'asset Flusso di dati non strutturati del processore","pl":"Typ zasobu opisujący zasób przepływu procesora danych niestrukturalnych","fr":"Type d'immobilisation décrivant l'immobilisation du flux du processeur de données non structurées","de":"Der Asset-Typ, der das Asset für den unstrukturierten Datenprozessorfluss beschreibt","sv":"Tillgångstypen som beskriver den ostrukturerade dataprocessorflödestillgången","es":"El tipo de activo que describe el activo de flujo del procesador de datos no estructurados","zh":"描述非结构化数据处理器流资产的资产类型"}},"identity":{"strategy":"DUPLICATE_DETECTION_BY_NAME"},"global_search_searchable":[],"attribute_only":false,"data_protection":{"all_attachments":true},"is_column_custom_attribute":false,"can_have_image":false,"version":1,"name":"ibm_udp_flow","scope":"GLOBAL","allow_decorators":true}