{"description":"Export Asset Type","fields":[{"key":"state","type":"string","facet":true,"is_array":false,"is_searchable_across_types":false}],"relationships":[],"properties":{"start_time":{"type":"string","is_array":false,"validated":false,"displayInChild":false,"restricted":false,"label":{"default":"Start time","en":"Start time","it":"Ora di inizio","sv":"Starttid","fr":"Heure de début","es":"Hora de inicio","pt":"Hora de início","ru":"Введите IP-адрес или имя хоста","zh-TW":"開始時間","de":"Startzeit","zh":"开始时间","ko":"시작 시간","ja":"開始時刻","pl":"Czas początkowy"},"localized_metadata_attributes":{"description":{"default":"Indicates start time","en":"Indicates start time","it":"Indica l'ora di inizio","sv":"Anger starttid","fr":"Indique l'heure de début","es":"Indica la hora de inicio","pt":"Indica o horário de início.","ru":"Указывает время начала","zh-TW":"指出開始時間","de":"Gibt den Startzeitpunkt an","zh":"指示开始时间","ko":"시작 시간을 표시합니다.","ja":"開始時刻を示します","pl":"Wskazuje czas rozpoczęcia"}}},"last_updated_time":{"type":"string","is_array":false,"validated":false,"displayInChild":false,"restricted":false,"label":{"default":"Last updated time","en":"Last updated time","it":"Ora ultimo aggiornamento","sv":"Tid för senaste uppdatering","fr":"Heure de la dernière mise à jour","es":"Hora de última actualización","pt":"Horário da última atualização","ru":"Время последнего обновления","zh-TW":"前次更新時間","de":"Zeitpunkt der letzten Aktualisierung","zh":"上次更新时间","ko":"마지막 업데이트 시간","ja":"最終更新時刻","pl":"Czas ostatniej aktualizacji"},"localized_metadata_attributes":{"description":{"default":"Indicates last updated time","en":"Indicates last updated time","it":"Indica l'ora dell'ultimo aggiornamento","sv":"Anger tiden för senaste uppdatering","fr":"Indique l'heure de la dernière mise à jour","es":"Indica la hora de la última actualización","pt":"Indica o horário da última atualização.","ru":"Указывает время последнего обновления","zh-TW":"指出前次更新時間","de":"Gibt den Zeitpunkt der letzten Aktualisierung an","zh":"指示上次更新时间","ko":"마지막 업데이트 시간을 표시합니다.","ja":"最終更新時刻を示します","pl":"Wskazuje czas ostatniej aktualizacji"}}},"end_time":{"type":"string","is_array":false,"validated":false,"displayInChild":false,"restricted":false,"label":{"default":"End time","en":"End time","it":"Ora di fine","sv":"Sluttid","fr":"Heure de fin","es":"Hora de finalización","pt":"Horário de encerramento","ru":"Имя пользователя","zh-TW":"結束時間","de":"Endzeit","zh":"结束时间","ko":"종료 시간","ja":"終了時刻","pl":"Czas zakończenia"},"localized_metadata_attributes":{"description":{"default":"Indicates end time","en":"Indicates end time","it":"Indica l'ora di fine","sv":"Anger sluttid","fr":"Indique l'heure de fin","es":"Indica la hora de finalización","pt":"Indica o horário de encerramento.","ru":"Указывает конечное время","zh-TW":"指出結束時間","de":"Gibt den Endzeitpunkt an","zh":"指示结束时间","ko":"종료 시간을 표시합니다.","ja":"終了時刻を示します","pl":"Wskazuje czas zakończenia"}}},"state":{"type":"string","is_array":false,"validated":false,"displayInChild":false,"restricted":false,"label":{"default":"State","en":"State","it":"Stato","sv":"Status","fr":"Etat","es":"Estado","pt":"Estado","ru":"Статус","zh-TW":"狀態","de":"Status","zh":"状态","ko":"상태","ja":"状態","pl":"Stan"},"localized_metadata_attributes":{"description":{"default":"Indicates state","en":"Indicates state","it":"Indica lo stato","sv":"Anger läge","fr":"Indique l'état","es":"Indica el estado","pt":"Indica o estado.","ru":"Указывает состояние","zh-TW":"指出狀態","de":"Gibt den Status an","zh":"指示状态","ko":"상태 표시","ja":"状態を示します","pl":"Wskazuje stan"}}},"status":{"type":"object","is_array":false,"validated":false,"displayInChild":false,"restricted":false,"label":{"default":"Status","en":"Status","it":"Stato","sv":"Status","fr":"Statut","es":"Estado","pt":"Status","ru":"Статус","zh-TW":"狀態","de":"Status","zh":"状态：","ko":"상태","ja":"ステータス","pl":"Status"},"properties":{"failed":{"type":"object","is_array":true,"validated":false,"displayInChild":false,"restricted":false,"label":{"default":"Failed","en":"Failed","it":"Non riuscito","sv":"Misslyckades","fr":"Echec","es":"Fallido","pt":"Com falha","ru":"Не пройден","zh-TW":"失敗","de":"Fehlgeschlagen","zh":"已失败","ko":"실패함","ja":"失敗","pl":"Nieudane"},"properties":{"summary":{"type":"string","is_array":false,"validated":false,"displayInChild":false,"restricted":false,"label":{"default":"Summary","en":"Summary","it":"Riepilogo","sv":"Sammanfattning","fr":"Récapitulatif","es":"Resumen","pt":"Resumo","ru":"Теги","zh-TW":"摘要","de":"Zusammenfassung","zh":"摘要","ko":"요약","ja":"要約","pl":"Podsumowanie"},"localized_metadata_attributes":{"description":{"default":"Indicates summary","en":"Indicates summary","it":"Indica il riepilogo","sv":"Anger sammanfattning","fr":"Indique le récapitulatif","es":"Indica el resumen","pt":"Indica o resumo.","ru":"Указывает сводку","zh-TW":"指出摘要","de":"Gibt eine Zusammenfassung an","zh":"指示摘要","ko":"요약 표시","ja":"要約を示します","pl":"Wskazuje podsumowanie"}}},"code":{"type":"string","is_array":false,"validated":false,"displayInChild":false,"restricted":false,"label":{"default":"Code","en":"Code","it":"Codice","sv":"Kod","fr":"Code","es":"Código","pt":"Código","ru":"Код","zh-TW":"程式碼","de":"Code","zh":"代码","ko":"코드","ja":"コード","pl":"Kod"},"localized_metadata_attributes":{"description":{"default":"Indicates code","en":"Indicates code","it":"Indica il codice","sv":"Anger kod","fr":"Indique le code","es":"Indica el código","pt":"Indica o código.","ru":"Указывает код","zh-TW":"指出代碼","de":"Gibt den Code an","zh":"指示代码","ko":"코드 표시","ja":"コードを示します","pl":"Wskazuje kod"}}},"extra_data":{"type":"string","is_array":true,"validated":false,"displayInChild":false,"restricted":false,"label":{"default":"Extra data","en":"Extra data","it":"Dati supplementari","sv":"Extra data","fr":"Données supplémentaires","es":"Datos adicionales","pt":"Dados extras","ru":"Дополнительные данные","zh-TW":"額外資料","de":"Zusatzdaten","zh":"额外数据","ko":"추가 데이터","ja":"追加データ","pl":"Dodatkowe dane"},"localized_metadata_attributes":{"description":{"default":"Indicates extra data","en":"Indicates extra data","it":"Indica dati supplementari","sv":"Anger extra data","fr":"Indique des données supplémentaires","es":"Indica datos adicionales","pt":"Indica os dados extras.","ru":"Указывает дополнительные данные","zh-TW":"指出額外資料","de":"Gibt zusätzliche Daten an","zh":"指示额外数据","ko":"추가 데이터 표시","ja":"追加データを示します","pl":"Wskazuje dodatkowe dane"}}},"asset_id":{"type":"string","is_array":false,"validated":false,"displayInChild":false,"restricted":false,"label":{"default":"Asset Id","en":"Asset Id","it":"ID asset","sv":"Inventarie-ID","fr":"ID d'actif","es":"ID de activo","pt":"ID do ativo","ru":"ИД ресурса","zh-TW":"資產 ID","de":"Asset-ID","zh":"资产标识","ko":"자산 ID","ja":"資産 ID","pl":"ID zasobu"},"localized_metadata_attributes":{"description":{"default":"Indicates asset id","en":"Indicates asset id","it":"Indica l'ID asset","sv":"Anger inventarie-ID","fr":"Indique l'ID d'actif","es":"Indica el identificador del activo","pt":"Indica o ID do ativo.","ru":"Указывает ИД ресурса","zh-TW":"指出資產 ID","de":"Gibt die Asset-ID an","zh":"指示资产标识","ko":"자산 ID 표시","ja":"資産IDを示します","pl":"Wskazuje identyfikator zasobu"}}},"type":{"type":"string","is_array":false,"validated":false,"displayInChild":false,"restricted":false,"label":{"default":"Type","en":"Type","it":"Immettere","sv":"Typ","fr":"Type","es":"Tipo","pt":"Tipo","ru":"Тип","zh-TW":"類型","de":"Typ","zh":"类型","ko":"유형","ja":"タイプ","pl":"Typ"},"localized_metadata_attributes":{"description":{"default":"Indicates type","en":"Indicates type","it":"Indica il tipo","sv":"Anger typ","fr":"Indique le type","es":"Indica el tipo","pt":"Indica o tipo.","ru":"Указывает тип","zh-TW":"指出類型","de":"Gibt den Typ an","zh":"指示类型","ko":"유형 표시","ja":"タイプを示します","pl":"Wskazuje typ"}}},"message":{"type":"string","is_array":false,"validated":false,"displayInChild":false,"restricted":false,"label":{"default":"Message","en":"Message","it":"Messaggio","sv":"Meddelande","fr":"Message","es":"Mensaje","pt":"Mensagem","ru":"Сообщение","zh-TW":"訊息","de":"Nachricht","zh":"消息","ko":"메시지","ja":"メッセージ","pl":"Komunikat"},"localized_metadata_attributes":{"description":{"default":"Indicates message","en":"Indicates message","it":"Indica il messaggio","sv":"Anger meddelande","fr":"Indique un message","es":"Indica el mensaje","pt":"Indica a mensagem.","ru":"Указывает сообщение","zh-TW":"指出訊息","de":"Gibt Nachricht an","zh":"指示消息","ko":"메시지 표시","ja":"メッセージを示します","pl":"Wskazuje komunikat"}}}},"localized_metadata_attributes":{"description":{"default":"Indicates failed status","en":"Indicates failed status","it":"Indica lo stato Non riuscito","sv":"Anger status för misslyckande","fr":"Indique le statut d'échec","es":"Indica que el estado es fallido","pt":"Indica o status com falha.","ru":"Указывает состояние сбоя","zh-TW":"指出失敗狀態","de":"Status 'Fehlgeschlagen'","zh":"指示失败状态","ko":"실패 상태 표시","ja":"失敗した状況を示します","pl":"Wskazuje status niepowodzenia"}}},"not_started":{"type":"string","is_array":true,"validated":false,"displayInChild":false,"restricted":false,"label":{"default":"Not started","en":"Not started","it":"Non avviato","sv":"Ej startat","fr":"Non démarré","es":"No iniciados","pt":"Não iniciado","ru":"Не запущено","zh-TW":"未啟動","de":"Nicht gestartet","zh":"未开始","ko":"시작되지 않음","ja":"未開始","pl":"Nie uruchomiono"},"localized_metadata_attributes":{"description":{"default":"Indicates not started status","en":"Indicates not started status","it":"Indica lo stato Non avviato","sv":"Indikerar status för inte startad","fr":"Indique le statut Non démarré","es":"Indica que el estado es no iniciado","pt":"Indica o status não iniciado.","ru":"Состояние не запущено","zh-TW":"指出未啟動狀態","de":"Gibt den Status 'Nicht gestartet' an","zh":"指示未启动状态","ko":"시작되지 않은 상태 표시","ja":"未開始の状況を示します","pl":"Wskazuje status nieuruchomienia"}}},"succeeded":{"type":"string","is_array":true,"validated":false,"displayInChild":false,"restricted":false,"label":{"default":"Succeeded","en":"Succeeded","it":"Riuscito","sv":"Slutfört","fr":"Réussite","es":"Satisfactorio","pt":"Bem-sucedido","ru":"Успешно","zh-TW":"成功","de":"Erfolgreich","zh":"已成功","ko":"성공","ja":"成功","pl":"Powiodło się"},"localized_metadata_attributes":{"description":{"default":"Indicates succeeded status","en":"Indicates succeeded status","it":"Indica lo stato Riuscito","sv":"Anger status för slutförande","fr":"Indique le statut de réussite","es":"Indica que el estado es satisfactorio","pt":"Indica o status bem-sucedido.","ru":"Состояние успешно завершено","zh-TW":"指出成功狀態","de":"Gibt den erfolgreichen Status an","zh":"指示成功状态","ko":"성공 상태 표시","ja":"正常に終了した状況を示します","pl":"Wskazuje status powodzenia"}}}},"localized_metadata_attributes":{"description":{"default":"Indicates status","en":"Indicates status","it":"Indica lo stato","sv":"Anger status","fr":"Indique le statut","es":"Indica el estado","pt":"Indica o status.","ru":"Указывает состояние","zh-TW":"指出狀態","de":"Gibt den Status an","zh":"指示状态","ko":"상태 표시","ja":"状況を示します","pl":"Wskazuje status"}}}},"localized_metadata_attributes":{"name":{"default":"Metadata file export","en":"Metadata file export","de":"Metadatendateiexport","es":"Exportación de archivo de metadatos","fr":"Exportation du fichier de métadonnées","it":"Esportazione del file di metadati","ja":"メタデータ・ファイルのエクスポート","ko":"메타데이터 파일 내보내기","pt":"Exportação do arquivo de metadados","ru":"Экспорт файла метаданных","sv":"Metadatafilexport","zh":"元数据文件导出","zh-TW":"Meta 資料檔案匯出","pl":"Eksport pliku metadanych"},"description":{"default":"Export asset type","en":"Export asset type","de":"Assettyp exportieren","es":"Exportar tipo de activo","fr":"Exporter le type d'actif","it":"Esporta tipo di asset","ja":"資産タイプのエクスポート","ko":"자산 유형 내보내기","pt":"Exportar o tipo de ativo","ru":"Экспортировать тип ресурса","sv":"Exportera inventarietyp","zh":"导出资产类型","zh-TW":"匯出資產類型","pl":"Eksportuj typ zasobu"}},"global_search_searchable":[],"attribute_only":false,"data_protection":{"all_attachments":true},"is_column_custom_attribute":false,"can_have_image":false,"version":1,"name":"ibm_export_asset","scope":"GLOBAL","allow_decorators":true}