{"description":"Trust properties can only be set by allowed service IDs","fields":[],"relationships":[],"properties":{"{user-defined-property}":{"type":"object","is_array":false,"required":false,"validated":false,"displayInChild":false,"restricted":false}},"localized_metadata_attributes":{"name":{"default":"Trust properties","en":"Trust properties","it":"Proprietà di attendibilità","sv":"Tillförlitlighetsegenskaper","fr":"Propriétés de confiance","es":"Propiedades de confianza","pt":"Propriedades de confiança","ru":"Свойства доверия","zh-TW":"信任內容","de":"Trust-Eigenschaften","zh":"信任属性","ko":"신뢰 특성","ja":"トラスト・プロパティー","pl":"Właściwości zaufania"},"description":{"default":"Trust properties can only be set by allowed service IDs","en":"Trust properties can only be set by allowed service IDs","it":"Le proprietà di attendibilità possono essere impostate solo dagli ID servizio consentiti","sv":"Tillförlitlighetsegenskaper kan endast anges med tillåtna tjänste-IDn","fr":"Les propriétés de confiance ne peuvent être définies que par les ID de service autorisés","es":"Las propiedades de confianza sólo se pueden establecer mediante los ID de servicio permitidos","pt":"As propriedades de confiança podem ser configuradas apenas por IDs de serviço permitidos","ru":"Свойства доверия можно задать только с помощью разрешенных ИД служб","zh-TW":"信任內容只能由容許的服務 ID 設定","de":"Trust-Eigenschaften können nur von zulässigen Service-IDs festgelegt werden","zh":"信任属性只能通过允许的服务标识进行设置","ko":"신뢰 특성은 허용된 서비스 ID로만 설정할 수 있음","ja":"信頼プロパティーは、許可されたサービス ID によってのみ設定できます","pl":"Właściwości zaufania mogą być ustawiane tylko przez dozwolone identyfikatory usług"}},"global_search_searchable":[],"attribute_only":true,"is_column_custom_attribute":false,"can_have_image":false,"version":1,"name":"ibm_trust_properties","scope":"GLOBAL","allow_decorators":false}