{"description":"Lineage mapping group Asset Type","fields":[{"key":"filename","type":"string","facet":false,"is_array":false,"is_searchable_across_types":false},{"key":"folderpath","type":"string","facet":false,"is_array":false,"is_searchable_across_types":false}],"relationships":[],"properties":{"filename":{"type":"string","is_array":false,"validated":false,"displayInChild":false,"restricted":false,"label":{"default":"File name","en":"File name","it":"Nome file","sv":"Filnamn","fr":"Nom de fichier","es":"Nombre de archivo","pt":"Nome do arquivo","ru":"Имя файла","zh-TW":"檔名","de":"Dateiname","zh":"文件名","ko":"파일 이름","ja":"ファイル名","pl":"Nazwa pliku"},"localized_metadata_attributes":{"description":{"default":"Name of the file","en":"Name of the file","it":"Nome del file","sv":"Filens namn","fr":"Nom du fichier","es":"Nombre del archivo","pt":"Nome do arquivo","ru":"Имя файла","zh-TW":"檔案的名稱","de":"Name der Datei","zh":"文件的名称","ko":"파일의 이름","ja":"ファイルの名前","pl":"Nazwa pliku"}}},"folderpath":{"type":"string","is_array":false,"validated":false,"displayInChild":false,"restricted":false,"label":{"default":"Folder path","en":"Folder path","it":"Percorso della cartella","sv":"Mappsökväg","fr":"Chemin du dossier","es":"Ruta de carpeta","pt":"Caminho de pasta","ru":"Путь к папке","zh-TW":"資料夾路徑","de":"Ordnerpfad","zh":"文件夹路径","ko":"폴더 경로","ja":"フォルダー・パス","pl":"Ścieżka folderu"},"localized_metadata_attributes":{"description":{"default":"Path of the folder","en":"Path of the folder","it":"Percorso della cartella","sv":"Sökväg till mappen","fr":"Chemin du dossier","es":"Vía de acceso de la carpeta","pt":"Caminho da pasta","ru":"Путь к папке","zh-TW":"資料夾的路徑","de":"Pfad des Ordners","zh":"文件夹的路径","ko":"폴더의 경로","ja":"フォルダーのパス","pl":"Ścieżka folderu"}}}},"localized_metadata_attributes":{"name":{"default":"Lineage mapping group","en":"Lineage mapping group","de":"Abstammungszuordnungsgruppe","es":"Grupo de correlación de linaje","fr":"Groupe de mappage de lignage","it":"Gruppo di associazioni di derivazione","jp":"リネージュ・マッピング・グループ","ko":"계보 맵핑 그룹","pt":"Grupo de mapeamento de linhagem","ru":"Группа отображений происхождения","sv":"Grupp för härkomstavbildning","zh":"沿袭映射组","zh-TW":"世系對映群組","ja":"リネージュ・マッピング・グループ","pl":"Grupa odwzorowań pochodzenia"},"description":{"default":"Lineage mapping group Asset Type","en":"Lineage mapping group Asset Type","de":"Assettyp der Abstammungszuordnungsgruppe","es":"Tipo de activo de grupo de correlación de linaje","fr":"Type d'actif du groupe de mappage de lignage","it":"Tipo di asset del gruppo di associazioni di derivazione","jp":"リネージュ・マッピング・グループの資産タイプ","ko":"계보 맵핑 그룹 자산 유형","pt":"Tipo de ativo do grupo de mapeamento de linhagem","ru":"Тип актива группы отображения происхождения","sv":"Inventarietyp för grupp för härkomstavbildning","zh":"沿袭映射组资产类型","zh-TW":"世系對映群組資產類型","ja":"リネージュ・マッピング・グループの資産タイプ","pl":"Typ zasobu grupy odwzorowań pochodzenia"}},"identity":{"strategy":"DUPLICATE_DETECTION_BY_NAME_AND_RESOURCE_KEY"},"global_search_searchable":[],"attribute_only":false,"is_column_custom_attribute":false,"can_have_image":true,"version":1,"name":"ibm_emd_mapping_group","scope":"GLOBAL","allow_decorators":true}