{"description":"SQL constraint that is used to specify rules for data in a table,","fields":[],"relationships":[],"properties":{"constraint_type":{"type":"string","description":"Classification of the constraint, can be one of the following values: PRIMARY KEY, FOREIGN KEY, UNIQUE, CHECK","is_array":false,"validated":false,"displayInChild":false,"restricted":false,"label":{"default":"Constraint type","en":"Constraint type","it":"Tipo di vincolo","sv":"Begränsningstyp","fr":"Type de contrainte","es":"Restringir tipo","pt":"Tipo de restrição","ru":"Тип ограничения","zh-TW":"限制類型","de":"Typ der Randbedingung","zh":"约束类型","ko":"제한조건 유형","ja":"制約タイプ","pl":"Typ ograniczenia"},"localized_metadata_attributes":{"description":{"default":"Classification of the constraint, can be one of the following values: PRIMARY KEY, FOREIGN KEY, UNIQUE, CHECK","en":"Classification of the constraint, can be one of the following values: PRIMARY KEY, FOREIGN KEY, UNIQUE, CHECK","it":"La classificazione del vincolo, può avere uno dei seguenti valori: PRIMARY KEY, FOREIGN KEY, UNIQUE, CHECK","sv":"Klassificering av regeln kan vara en av följande värden: PRIMARY KEY, FOREIGN KEY, UNIQUE, CHECK","fr":"La classification de la contrainte peut être l'une des valeurs suivantes : PRIMARY KEY, FOREIGN KEY, UNIQUE, CHECK","es":"La clasificación de la restricción puede ser uno de los valores siguientes: PRIMARY KEY, FOREIGN KEY, UNIQUE, CHECK","pt":"A classificação da restrição pode ser um dos valores a seguir: PRIMARY KEY, FOREIGN KEY, UNIQUE, CHECK","ru":"Классификация ограничения, может быть одним из следующих значений: ПЕРВИЧНЫЙ КЛЮЧ, ВНЕШНИЙ КЛЮЧ, УНИКАЛЬНОСТЬ, ПРОВЕРКА","zh-TW":"限制的分類，可以是下列其中一個值：主要索引鍵、外部索引鍵、唯一、檢查","de":"Klassifikation der Randbedingung kann einer der folgenden Werte sein: PRIMARY KEY, FOREIGN KEY, UNIQUE, CHECK","zh":"约束的分类可以是以下一个值：PRIMARY KEY、FOREIGN KEY、UNIQUE、CHECK","ko":"제한조건의 분류는 다음 값 중 하나일 수 있습니다. PRIMARY KEY, FOREIGN KEY, UNIQUE, CHECK","ja":"制約の分類は、PRIMARY KEY、FOREIGN KEY、UNIQUE、CHECK のいずれかの値になります","pl":"Klasyfikacja ograniczenia może być jedną z następujących wartości: PRIMARY KEY, FOREIGN KEY, UNIQUE, CHECK"}}},"enforced":{"type":"bool","description":"Indicates whether the constraint is checked when inserting new rows to table or updating existing rows.","is_array":false,"validated":false,"displayInChild":false,"restricted":false,"label":{"default":"Is enforced","en":"Is enforced","it":"È applicato","sv":"Är tvingad","fr":"Est appliqué","es":"Se aplica","pt":"É imposto","ru":"Применяется","zh-TW":"被強制","de":"Wird durchgesetzt","zh":"是否强制执行","ko":"강제 실행됨","ja":"強制されている","pl":"Wymuszone"},"localized_metadata_attributes":{"description":{"default":"Indicates whether the constraint is checked when inserting new rows to table or updating existing rows.","en":"Indicates whether the constraint is checked when inserting new rows to table or updating existing rows.","it":"Indica se il vincolo viene controllato quando si inseriscono nuove righe nella tabella o si aggiornano le righe esistenti.","sv":"Anger om begränsningen är markerad när nya rader infogas i tabellen eller uppdaterar befintliga rader.","fr":"Indique si la contrainte est vérifiée lors de l'insertion de nouvelles lignes dans la table ou de la mise à jour de lignes existantes.","es":"Indica si la restricción se comprueba al insertar filas nuevas en la tabla o al actualizar filas existentes.","pt":"Indica se a restrição é verificada ao inserir novas linhas na tabela ou atualizar as linhas existentes.","ru":"Указывает, проверяется ли ограничение при вставке новых строк в таблицу или при обновлении существующих строк.","zh-TW":"指出在表格中插入新列或更新現有列時是否檢查限制項。","de":"Gibt an, ob die Randbedingung geprüft wird, wenn neue Zeilen in die Tabelle eingefügt oder vorhandene Zeilen aktualisiert werden.","zh":"指示在向表中插入新行或更新现有行时是否检查约束。","ko":"테이블에 새 행을 삽입하거나 기존 행을 업데이트할 때 제한조건이 검사되는지 여부를 표시합니다.","ja":"表に新しい行を挿入するとき、または既存の行を更新するときに、制約にチェック・マークを付けるかどうかを示します。","pl":"Określa, czy ograniczenie jest sprawdzane podczas wstawiania nowych wierszy do tabeli, czy podczas aktualizowania istniejących wierszy."}}},"notes":{"type":"string","description":"Free form textual notes that a user can add","is_array":false,"validated":false,"displayInChild":false,"restricted":false,"label":{"default":"Notes","en":"Notes","it":"Note","sv":"Noteringar","fr":"Remarques","es":"Notas","pt":"Notas","ru":"Заметки","zh-TW":"附註：","de":"Hinweise","zh":"注意","ko":"참고","ja":"ノート","pl":"Uwagi"},"localized_metadata_attributes":{"description":{"default":"Free form textual notes that a user can add","en":"Free form textual notes that a user can add","it":"Note testuali in formato libero che un utente può aggiungere","sv":"Egendefinierade anteckningar som en användare kan lägga till","fr":"Notes textuelles en format libre qu'un utilisateur peut ajouter","es":"Notas textuales de formato libre que un usuario puede añadir","pt":"Notas textuais de formato livre que um usuário pode incluir","ru":"Свободные текстовые заметки, которые пользователь может добавить","zh-TW":"使用者可以新增的開放式文字附註","de":"Textnotizen in freiem Format, die ein Benutzer hinzufügen kann","zh":"用户可以添加的自由格式文本注释","ko":"사용자가 추가할 수 있는 자유 양식 텍스트 노트","ja":"ユーザーが追加できるフリー・フォームのテキストによる注記","pl":"Dowolne notatki tekstowe, które mogą zostać dodane przez użytkownika"}}}},"localized_metadata_attributes":{"name":{"default":"Physical model constraint","en":"Physical model constraint","de":"Einschränkung für physisches Modell","es":"Restricción de modelo físico","fr":"Contrainte du modèle physique","it":"Vincolo del modello fisico","ja":"物理モデル制約","ko":"물리적 모델 제한조건","pt":"Restrição do modelo físico","ru":"Ограничение физической модели","sv":"Fysisk modellregel","zh":"物理模型约束","zh-TW":"實體模型限制","pl":"Ograniczenie modelu fizycznego"},"description":{"default":"SQL constraint that is used to specify rules for data in a table","en":"SQL constraint that is used to specify rules for data in a table","de":"SQL-Integritätsbedingung, die zur Angabe von Regeln für Daten in einer Tabelle verwendet wird.","es":"Restricción SQL que se utiliza para especificar reglas para datos en una tabla","fr":"Contrainte SQL utilisée pour spécifier des règles pour les données d'une table","it":"Vincolo SQL utilizzato per specificare le regole per i dati in una tabella","ja":"表内のデータの規則を指定するために使用される SQL 制約","ko":"테이블의 데이터에 대한 규칙을 지정하는 데 사용되는 SQL 제한조건","pt":"Restrição SQL que é usada para especificar regras para dados em uma tabela","ru":"Ограничение SQL, используемое для указания правил для данных в таблице","sv":"SQL-regel som används för att ange regler för data i en tabell","zh":"用于指定表中数据的规则的 SQL 约束","zh-TW":"SQL 限制，用來指定表格中資料的規則","pl":"Ograniczenie SQL używane do określania reguł dla danych w tabeli"}},"identity":{"strategy":"DUPLICATE_DETECTION_BY_NAME_AND_RESOURCE_KEY"},"global_search_searchable":[],"attribute_only":false,"is_column_custom_attribute":false,"can_have_image":false,"version":1,"name":"ibm_physical_model_constraint","scope":"GLOBAL","allow_decorators":true}