{"description":"Basic object in a logical data model","fields":[],"relationships":[],"properties":{"persistent":{"type":"bool","description":"Information about whether the LDM entity is intended to be persisted when transformed to table or is meant to be only in logical model.","is_array":false,"validated":false,"displayInChild":false,"restricted":false,"label":{"default":"Persistent","en":"Persistent","it":"Persistente","sv":"Beständigt","fr":"Persistant","es":"Persistente","pt":"Persistente","ru":"Постоянный","zh-TW":"持續","de":"Persistent","zh":"持久","ko":"지속적","ja":"永続的","pl":"Trwały"},"localized_metadata_attributes":{"description":{"default":"Information about whether the LDM attribute is intended to be persisted when transformed to column or is meant to be only in logical model","en":"Information about whether the LDM attribute is intended to be persisted when transformed to column or is meant to be only in logical model","it":"Informazioni che indicano se l'attributo LDM deve essere reso persistente quando viene trasformato in colonna o se deve essere solo in un modello logico","sv":"Information om huruvida LDM-attributet är avsett att vara kvar när det transformeras till kolumn eller är avsedd att vara endast i logisk modell","fr":"Informations indiquant si l'attribut LDM doit être conservé lors de la transformation en colonne ou s'il est destiné à figurer uniquement dans un modèle logique","es":"Información sobre si el atributo LDM está destinado a persistir cuando se transforma en columna o está destinado a estar sólo en el modelo lógico","pt":"As informações sobre se o atributo LDM deve ser persistido quando transformado em coluna ou se deve estar apenas no modelo lógico.","ru":"Информация о том, предназначен ли атрибут LDM для сохранения при преобразовании в столбец или предназначен только для логической модели","zh-TW":"當 LDM 屬性轉換成直欄時要持續保存，還是打算只在邏輯模型中的相關資訊","de":"Informationen dazu, ob das LDM-Attribut persistent gespeichert werden soll, wenn es in eine Spalte umgewandelt wird oder nur im logischen Modell enthalten sein soll","zh":"有关 LDM 属性在变换为列时是要持久存储还是仅留在逻辑模型中的信息","ko":"LDM 속성이 열로 변환될 때 지속되도록 의도되었는지 또는 논리 모델에서만 지속되도록 의도되었는지 여부에 대한 정보","ja":"LDM属性が列に変換されるときに永続化されることを意図しているか、論理モデルにのみ存在することを意図しているかについての情報","pl":"Informacja o tym, czy atrybut LDM ma być utrwalany podczas transformowania do kolumny, czy tylko w modelu logicznym"}}},"notes":{"type":"string","is_array":false,"validated":false,"displayInChild":false,"restricted":false,"label":{"default":"Notes","en":"Notes","it":"Note","sv":"Noteringar","fr":"Remarques","es":"Notas","pt":"Notas","ru":"Заметки","zh-TW":"附註：","de":"Hinweise","zh":"注意","ko":"참고","ja":"ノート","pl":"Uwagi"},"localized_metadata_attributes":{"description":{"default":"Free form textual notes that a user can add","en":"Free form textual notes that a user can add","it":"Note testuali in formato libero che un utente può aggiungere","sv":"Egendefinierade anteckningar som en användare kan lägga till","fr":"Notes textuelles en format libre qu'un utilisateur peut ajouter","es":"Notas textuales de formato libre que un usuario puede añadir","pt":"Notas textuais de formato livre que um usuário pode incluir","ru":"Свободные текстовые заметки, которые пользователь может добавить","zh-TW":"使用者可以新增的開放式文字附註","de":"Textnotizen in freiem Format, die ein Benutzer hinzufügen kann","zh":"用户可以添加的自由格式文本注释","ko":"사용자가 추가할 수 있는 자유 양식 텍스트 노트","ja":"ユーザーが追加できるフリー・フォームのテキストによる注記","pl":"Dowolne notatki tekstowe, które mogą zostać dodane przez użytkownika"}}}},"localized_metadata_attributes":{"name":{"default":"Logical model entity","en":"Logical model entity","de":"Entität des logischen Modells","es":"Entidad de modelo lógico","fr":"Entité du modèle logique","it":"Entità del modello logico","ja":"論理モデル・エンティティー","ko":"논리 모델 엔티티","pt":"Entidade do modelo lógico","ru":"Сущность логической модели","sv":"Logisk modellentitet","zh":"逻辑模型实体","zh-TW":"邏輯模型實體","pl":"Jednostka modelu logicznego"},"description":{"default":"Basic object in a logical data model","en":"Basic object in a logical data model","de":"Basisobjekt in einem logischen Datenmodell","es":"Objeto básico en un modelo de datos lógico","fr":"Objet de base dans un modèle de données logique","it":"Oggetto di base in un modello di dati logico","ja":"論理データ・モデル内の基本オブジェクト","ko":"논리 데이터 모델의 기본 오브젝트","pt":"Objeto básico em um modelo de dados lógicos","ru":"Базовый объект в логической модели данных","sv":"Grundläggande objekt i en logisk datamodell","zh":"逻辑数据模型中的基本对象","zh-TW":"邏輯資料模型中的基本物件","pl":"Obiekt podstawowy w logicznym modelu danych"}},"identity":{"strategy":"DUPLICATE_DETECTION_BY_NAME_AND_RESOURCE_KEY"},"global_search_searchable":[],"attribute_only":false,"is_column_custom_attribute":false,"can_have_image":false,"version":1,"name":"ibm_logical_model_entity","scope":"GLOBAL","allow_decorators":true}