{"description":"An asset that represents a table structure in the physical data model","fields":[],"relationships":[],"properties":{"notes":{"type":"string","description":"Free form textual notes that a user can add","is_array":false,"validated":false,"displayInChild":false,"restricted":false,"label":{"default":"Notes","en":"Notes","it":"Note","sv":"Noteringar","fr":"Remarques","es":"Notas","pt":"Notas","ru":"Заметки","zh-TW":"附註：","de":"Hinweise","zh":"注意","ko":"참고","ja":"ノート","pl":"Uwagi"},"localized_metadata_attributes":{"description":{"default":"Free form textual notes that a user can add","en":"Free form textual notes that a user can add","it":"Note testuali in formato libero che un utente può aggiungere","sv":"Egendefinierade anteckningar som en användare kan lägga till","fr":"Notes textuelles en format libre qu'un utilisateur peut ajouter","es":"Notas textuales de formato libre que un usuario puede añadir","pt":"Notas textuais de formato livre que um usuário pode incluir","ru":"Свободные текстовые заметки, которые пользователь может добавить","zh-TW":"使用者可以新增的開放式文字附註","de":"Textnotizen in freiem Format, die ein Benutzer hinzufügen kann","zh":"用户可以添加的自由格式文本注释","ko":"사용자가 추가할 수 있는 자유 양식 텍스트 노트","ja":"ユーザーが追加できるフリー・フォームのテキストによる注記","pl":"Dowolne notatki tekstowe, które mogą zostać dodane przez użytkownika"}}}},"localized_metadata_attributes":{"name":{"default":"Physical model table","en":"Physical model table","de":"Tabelle des physischen Modells","es":"Tabla de modelo físico","fr":"Table du modèle physique","it":"Tabella del modello fisico","ja":"物理モデル・テーブル","ko":"물리적 모델 테이블","pt":"Tabela do modelo físico","ru":"Таблица физической модели","sv":"Fysisk modelltabell","zh":"物理模型表","zh-TW":"實體模型表格","pl":"Tabela modelu fizycznego"},"description":{"default":"An asset that represents a table structure in the physical data model","en":"An asset that represents a table structure in the physical data model","de":"Ein Asset, das eine Tabellenstruktur im physischen Datenmodell darstellt.","es":"Un activo que representa una estructura de tabla en el modelo de datos físico","fr":"Actif représentant une structure de table dans le modèle de données physique","it":"Un asset che rappresenta una struttura di tabella nel modello di dati fisico","ja":"物理データ・モデル内の表構造を表す資産","ko":"실제 데이터 모델의 테이블 구조를 나타내는 자산","pt":"Um ativo que representa uma estrutura de tabela no modelo de dados físico","ru":"Актив, представляющий структуру таблицы в физической модели данных","sv":"En inventarie som representerar en tabellstruktur i den fysiska datamodellen","zh":"表示物理数据模型中表结构的资产","zh-TW":"代表實體資料模型中表格結構的資產","pl":"Zasób reprezentujący strukturę tabeli w fizycznym modelu danych"}},"identity":{"strategy":"DUPLICATE_DETECTION_BY_NAME_AND_RESOURCE_KEY"},"global_search_searchable":[],"attribute_only":false,"is_column_custom_attribute":false,"can_have_image":false,"version":1,"name":"ibm_physical_model_table","scope":"GLOBAL","allow_decorators":true}