{"description":"Attribute of a logical data model entity","fields":[],"relationships":[],"properties":{"primary_key":{"type":"bool","description":"Whether the attribute is part of the PK defined for the owning entity","is_array":false,"validated":false,"displayInChild":false,"restricted":false,"label":{"default":"Primary key","en":"Primary key","it":"Chiave primaria","sv":"Primärnyckel","fr":"Clé primaire","es":"Clave primaria","pt":"Chave primária","ru":"первичный ключ","zh-TW":"主要索引鍵","de":"Primärschlüssel","zh":"主键","ko":"기본 키","ja":"主キー","pl":"Klucz podstawowy"},"localized_metadata_attributes":{"description":{"default":"Whether the attribute is part of the PK defined for the owning entity","en":"Whether the attribute is part of the PK defined for the owning entity","it":"Se l'attributo fa parte della chiave primaria definita per l'entità proprietaria","sv":"Om attributet är en del av PK som definierats för den ägande entiteten","fr":"Indique si l'attribut fait partie du PK défini pour l'entité propriétaire","es":"Si el atributo forma parte del PK definido para la entidad propietaria","pt":"Se o atributo faz parte do PK definido para a entidade proprietária ou não.","ru":"Является ли атрибут частью PK, определенной для объекта-владельца","zh-TW":"屬性是否為針對擁有實體所定義之 PK 的一部分","de":"Gibt an, ob das Attribut Teil des Primärschlüssel ist, der für die Eignerentität definiert ist","zh":"属性是否是为所属实体定义的 PK 的一部分","ko":"속성이 소유 엔티티에 대해 정의된 PK의 일부인지 여부","ja":"属性が所有エンティティーに定義されたPKの一部であるかどうか","pl":"Określa, czy atrybut jest częścią klucza podstawowego zdefiniowanego dla obiektu będącego właścicielem."}}},"data_domain":{"type":"string","description":"A database column data type or a user-defined data type","is_array":false,"validated":false,"displayInChild":false,"restricted":false,"label":{"default":"Data domain","en":"Data domain","it":"Dominio dati","sv":"Datadomän","fr":"Domaine de données","es":"Dominio de datos","pt":"Domínio de dados","ru":"Домен данных","zh-TW":"資料領域","de":"Datendomäne","zh":"数据域","ko":"데이터 도메인","ja":"データ・ドメイン","pl":"Domena danych"},"localized_metadata_attributes":{"description":{"default":"A database column data type or a user-defined data type","en":"A database column data type or a user-defined data type","it":"Un tipo di dati di colonna del database o un tipo di dati definito dall'utente","sv":"En datatyp för databaskolumn eller en användardefinierad datatyp","fr":"Un type de données de colonne de base de données ou un type de données défini par l'utilisateur","es":"Un tipo de datos de columna de base de datos o un tipo de datos definido por el usuario","pt":"Um tipo de dados da coluna de banco de dados ou um tipo de dados definido pelo usuário.","ru":"Тип данных столбца базы данных или пользовательский тип данных","zh-TW":"資料庫直欄資料類型或使用者定義資料類型","de":"Datentyp einer Datenbankspalte oder eines benutzerdefinierten Datentyps","zh":"数据库列数据类型或用户定义的数据类型","ko":"데이터베이스 컬럼 데이터 유형 또는 사용자 정의 데이터 유형","ja":"データベース列のデータ・タイプまたはユーザー定義のデータ・タイプ","pl":"Typ danych kolumny bazy danych lub typ danych zdefiniowany przez użytkownika"}}},"required":{"type":"bool","description":"Information about whether the attribute is optional vs mandatory","is_array":false,"validated":false,"displayInChild":false,"restricted":false,"label":{"default":"Required","en":"Required","it":"Obbligatorio","sv":"Obligatorisk","fr":"Obligatoire","es":"Obligatorio","pt":"Obrigatório","ru":"Обязательно","zh-TW":"必要","de":"Erforderlich","zh":"必需","ko":"필수","ja":"必須","pl":"Wymagane"},"localized_metadata_attributes":{"description":{"default":"Information about whether the attribute is optional vs mandatory","en":"Information about whether the attribute is optional vs mandatory","it":"Informazioni che indicano se l'attributo è facoltativo o obbligatorio","sv":"Information om huruvida attributet är valfritt vs obligatoriskt","fr":"Informations indiquant si l'attribut est facultatif ou obligatoire","es":"Información sobre si el atributo es opcional frente a obligatorio","pt":"As informações sobre se o atributo é opcional vs. obrigatório.","ru":"Информация о том, является ли атрибут необязательным и обязательным","zh-TW":"屬性為選用還是必要的相關資訊","de":"Informationen dazu, ob das Attribut optional oder obligatorisch ist","zh":"有关属性是可选属性还是必需属性的信息","ko":"속성이 선택사항인지 여부와 필수인지 여부에 대한 정보","ja":"属性がオプションであるか必須であるかについての情報","pl":"Informacja o tym, czy atrybut jest opcjonalny, czy obowiązkowy"}}},"default_value":{"type":"string","description":"A value that the column based on this attribute is automatically prepopulated when a new record is inserted","is_array":false,"validated":false,"displayInChild":false,"restricted":false,"label":{"default":"Default value","en":"Default value","it":"Valore predefinito","sv":"Standardvärde","fr":"Valeur par défaut","es":"Valor predeterminado","pt":"Valor Padrão","ru":"Значение по умолчанию","zh-TW":"預設值","de":"Standardwert","zh":"缺省值","ko":"기본값","ja":"デフォルト値","pl":"Wartość domyślna"},"localized_metadata_attributes":{"description":{"default":"A value that the column based on this attribute is automatically prepopulated when a new record is inserted","en":"A value that the column based on this attribute is automatically prepopulated when a new record is inserted","it":"Un valore con cui la colonna basata su questo attributo viene pre-popolata automaticamente quando si inserisce un nuovo record","sv":"Ett värde som automatiskt fylls i när en ny post i kolumnen som baseras på det här attributet infogas","fr":"Une valeur que la colonne basée sur cet attribut est automatiquement préremplie lorsqu'un nouvel enregistrement est inséré","es":"Un valor que se rellena automáticamente en la columna basada en este atributo cuando se inserta un nuevo registro","pt":"Um valor que a coluna que baseia-se nesse atributo é automaticamente pré-preenchido ao inserir um novo registro.","ru":"Значение, которое столбец на основе этого атрибута автоматически заполняется при вставке новой записи","zh-TW":"插入新記錄時根據此屬性自動預先移入直欄的值","de":"Ein Wert, mit dem die Spalte auf der Basis dieses Attributs automatisch vorab gefüllt wird, wenn ein neuer Datensatz eingefügt wird","zh":"在插入新记录时自动预填充基于此属性的列的值","ko":"새 레코드가 삽입될 때 이 속성을 기반으로 하는 열이 자동으로 미리 채워지는 값입니다.","ja":"新規レコードの挿入時に、この属性に基づいた列に自動的に事前入力される値","pl":"Wartość, którą automatycznie zapełniana jest kolumna bazująca na tym atrybucie po wstawieniu nowego rekordu"}}},"derived":{"type":"bool","description":"Information about whether the value for column based on this attribute is calculated from other columns or not","is_array":false,"validated":false,"displayInChild":false,"restricted":false,"label":{"default":"Derived","en":"Derived","it":"Derivato","sv":"Härledd","fr":"Dérivé","es":"Derivado","pt":"Derivado","ru":"Производное","zh-TW":"衍生","de":"Abgeleitet","zh":"已派生","ko":"파생됨","ja":"派生","pl":"Pochodne"},"localized_metadata_attributes":{"description":{"default":"Information about whether the value for column based on this attribute is calculated from other columns or not","en":"Information about whether the value for column based on this attribute is calculated from other columns or not","it":"Informazioni che indicano se il valore per la colonna basato su questo attributo è calcolato da altre colonne","sv":"Information om huruvida värdet beräknas från andra kolumner eller inte för kolumn baserat på attributet","fr":"Informations indiquant si la valeur de la colonne basée sur cet attribut est calculée à partir d'autres colonnes ou non","es":"Información sobre si el valor de la columna basada en este atributo se calcula a partir de otras columnas o no","pt":"As Informações sobre se o valor para a coluna que baseia-se nesse atributo é calculado a partir de outras colunas ou não.","ru":"Информация о том, вычисляется ли значение для столбца на основе этого атрибута из других столбцов или нет","zh-TW":"根據此屬性的直欄值是否從其他直欄計算的相關資訊","de":"Informationen dazu, ob der Wert für die Spalte auf der Basis dieses Attributs aus anderen Spalten berechnet wird oder nicht","zh":"有关是否根据其他列计算基于此属性的列值的信息","ko":"이 속성을 기반으로 하는 컬럼의 값이 다른 컬럼에서 계산되는지 여부에 대한 정보","ja":"この属性に基づく列の値が他の列から計算されるかどうかについての情報","pl":"Informacja o tym, czy wartość kolumny bazującej na tym atrybucie jest obliczana na podstawie innych kolumn"}}},"persistent":{"type":"bool","description":"Information about whether the LDM attribute is intended to be persisted when transformed to column or is meant to be only in logical model","is_array":false,"validated":false,"displayInChild":false,"restricted":false,"label":{"default":"Persistent","en":"Persistent","it":"Persistente","sv":"Beständigt","fr":"Persistant","es":"Persistente","pt":"Persistente","ru":"Постоянный","zh-TW":"持續","de":"Persistent","zh":"持久","ko":"지속적","ja":"永続的","pl":"Trwały"},"localized_metadata_attributes":{"description":{"default":"Information about whether the LDM attribute is intended to be persisted when transformed to column or is meant to be only in logical model","en":"Information about whether the LDM attribute is intended to be persisted when transformed to column or is meant to be only in logical model","it":"Informazioni che indicano se l'attributo LDM deve essere reso persistente quando viene trasformato in colonna o se deve essere solo in un modello logico","sv":"Information om huruvida LDM-attributet är avsett att vara kvar när det transformeras till kolumn eller är avsedd att vara endast i logisk modell","fr":"Informations indiquant si l'attribut LDM doit être conservé lors de la transformation en colonne ou s'il est destiné à figurer uniquement dans un modèle logique","es":"Información sobre si el atributo LDM está destinado a persistir cuando se transforma en columna o está destinado a estar sólo en el modelo lógico","pt":"As informações sobre se o atributo LDM deve ser persistido quando transformado em coluna ou se deve estar apenas no modelo lógico.","ru":"Информация о том, предназначен ли атрибут LDM для сохранения при преобразовании в столбец или предназначен только для логической модели","zh-TW":"當 LDM 屬性轉換成直欄時要持續保存，還是打算只在邏輯模型中的相關資訊","de":"Informationen dazu, ob das LDM-Attribut persistent gespeichert werden soll, wenn es in eine Spalte umgewandelt wird oder nur im logischen Modell enthalten sein soll","zh":"有关 LDM 属性在变换为列时是要持久存储还是仅留在逻辑模型中的信息","ko":"LDM 속성이 열로 변환될 때 지속되도록 의도되었는지 또는 논리 모델에서만 지속되도록 의도되었는지 여부에 대한 정보","ja":"LDM属性が列に変換されるときに永続化されることを意図しているか、論理モデルにのみ存在することを意図しているかについての情報","pl":"Informacja o tym, czy atrybut LDM ma być utrwalany podczas transformowania do kolumny, czy tylko w modelu logicznym"}}},"surrogate_key":{"type":"bool","description":"Information about whether the LDM attribute is intended to be persisted when transformed to column or is meant to be only in logical model","is_array":false,"validated":false,"displayInChild":false,"restricted":false,"label":{"default":"Surrogate key","en":"Surrogate key","it":"Chiave surrogata","sv":"Surrogatnyckel","fr":"Clé de substitution","es":"Clave suplente","pt":"Chave substituta","ru":"Суррогатный ключ","zh-TW":"代理索引鍵","de":"Ersatzschlüssel","zh":"代理键","ko":"대리 키","ja":"代理キー","pl":"Odpowiednik klucza"},"localized_metadata_attributes":{"description":{"default":"Information about whether the LDM attribute is intended to be persisted when transformed to column or is meant to be only in logical model","en":"Information about whether the LDM attribute is intended to be persisted when transformed to column or is meant to be only in logical model","it":"Informazioni che indicano se l'attributo LDM deve essere reso persistente quando viene trasformato in colonna o se deve essere solo in un modello logico","sv":"Information om huruvida LDM-attributet är avsett att vara kvar när det transformeras till kolumn eller är avsedd att vara endast i logisk modell","fr":"Informations indiquant si l'attribut LDM doit être conservé lors de la transformation en colonne ou s'il est destiné à figurer uniquement dans un modèle logique","es":"Información sobre si el atributo LDM está destinado a persistir cuando se transforma en columna o está destinado a estar sólo en el modelo lógico","pt":"As informações sobre se o atributo LDM deve ser persistido quando transformado em coluna ou se deve estar apenas no modelo lógico.","ru":"Информация о том, предназначен ли атрибут LDM для сохранения при преобразовании в столбец или предназначен только для логической модели","zh-TW":"當 LDM 屬性轉換成直欄時要持續保存，還是打算只在邏輯模型中的相關資訊","de":"Informationen dazu, ob das LDM-Attribut persistent gespeichert werden soll, wenn es in eine Spalte umgewandelt wird oder nur im logischen Modell enthalten sein soll","zh":"有关 LDM 属性在变换为列时是要持久存储还是仅留在逻辑模型中的信息","ko":"LDM 속성이 열로 변환될 때 지속되도록 의도되었는지 또는 논리 모델에서만 지속되도록 의도되었는지 여부에 대한 정보","ja":"LDM属性が列に変換されるときに永続化されることを意図しているか、論理モデルにのみ存在することを意図しているかについての情報","pl":"Informacja o tym, czy atrybut LDM ma być utrwalany podczas transformowania do kolumny, czy tylko w modelu logicznym"}}},"sequence_number":{"type":"integer","description":"The ordinal number of attribute within the entity","is_array":false,"validated":false,"displayInChild":false,"restricted":false,"label":{"default":"Sequence number","en":"Sequence number","it":"Numero di sequenza","sv":"Sekvensnummer","fr":"Numéro de séquence","es":"Número de secuencia","pt":"Número de sequência","ru":"Порядковый номер","zh-TW":"序號","de":"Folgenummer","zh":"序号","ko":"일련 번호","ja":"シーケンス番号","pl":"Numer kolejny"},"localized_metadata_attributes":{"description":{"default":"The ordinal number of attribute within the entity","en":"The ordinal number of attribute within the entity","it":"Il numero ordinale dell'attributo all'interno dell'entità","sv":"Ordningsnumret för attributet inom entiteten","fr":"Nombre ordinal d'attributs dans l'entité","es":"El número ordinal de atributo en la entidad","pt":"O número ordinal de atributo na entidade","ru":"Порядковые номера атрибута в сущности","zh-TW":"實體內屬性的序數","de":"Die Ordinalzahl des Attributs innerhalb der Entität","zh":"实体中属性的序数","ko":"엔티티 내 속성의 서수","ja":"エンティティー内の属性の序数","pl":"Liczba porządkowa atrybutu w jednostce"}}},"notes":{"type":"string","is_array":false,"validated":false,"displayInChild":false,"restricted":false,"label":{"default":"Notes","en":"Notes","it":"Note","sv":"Noteringar","fr":"Remarques","es":"Notas","pt":"Notas","ru":"Заметки","zh-TW":"附註：","de":"Hinweise","zh":"注意","ko":"참고","ja":"ノート","pl":"Uwagi"},"localized_metadata_attributes":{"description":{"default":"Free form textual notes that a user can add","en":"Free form textual notes that a user can add","it":"Note testuali in formato libero che un utente può aggiungere","sv":"Egendefinierade anteckningar som en användare kan lägga till","fr":"Notes textuelles en format libre qu'un utilisateur peut ajouter","es":"Notas textuales de formato libre que un usuario puede añadir","pt":"Notas textuais de formato livre que um usuário pode incluir","ru":"Свободные текстовые заметки, которые пользователь может добавить","zh-TW":"使用者可以新增的開放式文字附註","de":"Textnotizen in freiem Format, die ein Benutzer hinzufügen kann","zh":"用户可以添加的自由格式文本注释","ko":"사용자가 추가할 수 있는 자유 양식 텍스트 노트","ja":"ユーザーが追加できるフリー・フォームのテキストによる注記","pl":"Dowolne notatki tekstowe, które mogą zostać dodane przez użytkownika"}}}},"localized_metadata_attributes":{"name":{"default":"Logical model attribute","en":"Logical model attribute","de":"Attribut des logischen Modells","es":"Atributo de modelo lógico","fr":"Attribut du modèle logique","it":"Attributo del modello logico","ja":"論理モデル属性","ko":"논리 모델 속성","pt":"Atributo do modelo lógico","ru":"Атрибут логической модели","sv":"Logisk modellattribut","zh":"逻辑模型属性","zh-TW":"邏輯模型屬性","pl":"Atrybut modelu logicznego"},"description":{"default":"Attribute of a logical data model entity","en":"Attribute of a logical data model entity","de":"Attribut einer logischen Datenmodellentität","es":"Atributo de una entidad de modelo de datos lógico","fr":"Attribut d'une entité de modèle de données logique","it":"Attributo di un'entità modello di dati logico","ja":"論理データ・モデル・エンティティーの属性","ko":"논리 데이터 모델 엔티티의 속성","pt":"Atributo de uma entidade de modelo de dados lógicos","ru":"Атрибут объекта логической модели данных","sv":"Attribut för en logisk datamodellentitet","zh":"逻辑数据模型实体的属性","zh-TW":"邏輯資料模型實體的屬性","pl":"Atrybut jednostki logicznego modelu danych"}},"identity":{"strategy":"DUPLICATE_DETECTION_BY_NAME_AND_RESOURCE_KEY"},"global_search_searchable":[],"attribute_only":false,"is_column_custom_attribute":false,"can_have_image":false,"version":1,"name":"ibm_logical_model_attribute","scope":"GLOBAL","allow_decorators":true}