{"description":"Lineage mapping asset type","fields":[{"key":"name","type":"string","facet":false,"is_array":false,"is_searchable_across_types":false},{"key":"source","type":"string","facet":false,"is_array":false,"is_searchable_across_types":false},{"key":"target","type":"string","facet":false,"is_array":false,"is_searchable_across_types":false}],"relationships":[],"properties":{"name":{"type":"string","is_array":false,"hidden":true,"validated":false,"displayInChild":false,"restricted":false,"label":{"default":"Name","en":"Name","it":"Nome","sv":"Namn","fr":"Nom","es":"Nombre","pt":"Nome","ru":"Имя","zh-TW":"名稱","de":"Name","zh":"姓名","ko":"이름","ja":"名称","pl":"Nazwa"},"localized_metadata_attributes":{"description":{"default":"Name","en":"Name","it":"Nome","sv":"Namn","fr":"Nom","es":"Nombre","pt":"Nome","ru":"Имя","zh-TW":"名稱","de":"Name","zh":"姓名","ko":"이름","ja":"名称","pl":"Nazwa"}}},"source":{"type":"string","is_array":false,"hidden":true,"validated":false,"displayInChild":false,"restricted":false,"label":{"default":"Source","en":"Source","it":"Origine","sv":"Källa","fr":"Source","es":"Origen","pt":"Origem","ru":"Источник","zh-TW":"來源","de":"Quelle","zh":"源","ko":"소스","ja":"ソース","pl":"Źródło"},"localized_metadata_attributes":{"description":{"default":"Source","en":"Source","it":"Origine","sv":"Källa","fr":"Source","es":"Origen","pt":"Origem","ru":"Источник","zh-TW":"來源","de":"Quelle","zh":"源","ko":"소스","ja":"ソース","pl":"Źródło"}}},"target":{"type":"string","is_array":false,"hidden":true,"validated":false,"displayInChild":false,"restricted":false,"label":{"default":"Target","en":"Target","it":"Destinazione","sv":"Mål","fr":"Cible","es":"Destino","pt":"Destino","ru":"Назначение","zh-TW":"目標","de":"Ziel","zh":"目标","ko":"대상","ja":"ターゲット","pl":"Docelowa"},"localized_metadata_attributes":{"description":{"default":"Target","en":"Target","it":"Destinazione","sv":"Mål","fr":"Cible","es":"Destino","pt":"Destino","ru":"Назначение","zh-TW":"目標","de":"Ziel","zh":"目标","ko":"대상","ja":"ターゲット","pl":"Docelowa"}}},"rule":{"type":"string","is_array":false,"validated":false,"displayInChild":false,"restricted":false,"label":{"default":"Rule","en":"Rule","it":"Regola","sv":"Regel","fr":"Règle","es":"Regla","pt":"Regra","ru":"Правило","zh-TW":"規則","de":"Regel","zh":"规则","ko":"규칙","ja":"ルール","pl":"Reguła"},"localized_metadata_attributes":{"description":{"default":"Rule","en":"Rule","it":"Regola","sv":"Regel","fr":"Règle","es":"Regla","pt":"Regra","ru":"Правило","zh-TW":"規則","de":"Regel","zh":"规则","ko":"규칙","ja":"ルール","pl":"Reguła"}}},"function":{"type":"string","is_array":false,"validated":false,"displayInChild":false,"restricted":false,"label":{"default":"Function","en":"Function","it":"Funzione","sv":"Funktion","fr":"Fonction","es":"Función","pt":"Função","ru":"Функция","zh-TW":"函數","de":"Function","zh":"函数","ko":"함수","ja":"関数","pl":"Funkcja"},"localized_metadata_attributes":{"description":{"default":"Function","en":"Function","it":"Funzione","sv":"Funktion","fr":"Fonction","es":"Función","pt":"Função","ru":"Функция","zh-TW":"函數","de":"Function","zh":"函数","ko":"함수","ja":"関数","pl":"Funkcja"}}},"specification_description":{"type":"string","is_array":false,"validated":false,"displayInChild":false,"restricted":false,"label":{"default":"Specification description","en":"Specification description","it":"Descrizione della specifica","sv":"Specifikationsbeskrivning","fr":"Description de la spécification","es":"Descripción de la especificación","pt":"Descrição da especificação","ru":"Описание спецификации","zh-TW":"規格說明","de":"Beschreibung der Spezifikation","zh":"规范描述","ko":"스펙 설명","ja":"仕様の説明","pl":"Opis specyfikacji"},"localized_metadata_attributes":{"description":{"default":"Specification description","en":"Specification description","it":"Descrizione della specifica","sv":"Specifikationsbeskrivning","fr":"Description de la spécification","es":"Descripción de la especificación","pt":"Descrição da especificação","ru":"Описание спецификации","zh-TW":"規格說明","de":"Beschreibung der Spezifikation","zh":"规范描述","ko":"스펙 설명","ja":"仕様の説明","pl":"Opis specyfikacji"}}}},"localized_metadata_attributes":{"name":{"default":"Lineage mapping","en":"Lineage mapping","de":"Abstammungszuordnung","es":"Correlación de linaje","fr":"Mappage de lignage","it":"Associazione di derivazione","ja":"リネージュ・マッピング","ko":"계보 맵핑","pt":"Mapeamento de linhagem","ru":"Отображение происхождения","sv":"Härkomstavbildning","zh":"沿袭映射","zh-TW":"世系對映","pl":"Odwzorowanie pochodzenia"},"description":{"default":"Lineage mapping asset type","en":"Lineage mapping asset type","de":"Assettyp für Abstammungszuordnung","es":"Tipo de activo de correlación de linaje","fr":"Type d'actif de mappage de lignage","it":"Tipo di asset di associazione di derivazione","ja":"リネージュ・マッピング資産タイプ","ko":"계보 맵핑 자산 유형","pt":"Tipo de ativo de mapeamento de linhagem","ru":"Тип актива отображения происхождения","sv":"Inventarietyp för härkomstavbildning","zh":"沿袭映射资产类型","zh-TW":"世系對映資產類型","pl":"Typ zasobu odwzorowania pochodzenia"}},"identity":{"strategy":"DUPLICATE_DETECTION_BY_NAME_AND_RESOURCE_KEY"},"global_search_searchable":[],"attribute_only":false,"is_column_custom_attribute":false,"can_have_image":false,"version":1,"name":"ibm_emd_mapping","scope":"GLOBAL","allow_decorators":true}