{"fields":[{"key":"connection_id","type":"string","facet":false,"is_array":false,"is_searchable_across_types":false},{"key":"connection_id_list","type":"array","facet":false,"is_array":false,"is_searchable_across_types":false},{"key":"file_list","type":"array","facet":false,"is_array":false,"is_searchable_across_types":false},{"key":"target_project_id","type":"string","facet":false,"is_array":false,"is_searchable_across_types":false},{"key":"import_type","type":"string","facet":false,"is_array":false,"is_searchable_across_types":false},{"key":"unified_lineage","type":"boolean","facet":false,"is_array":false,"is_searchable_across_types":false},{"key":"data_source_asset_id","type":"string","facet":false,"is_array":false,"is_searchable_across_types":false},{"key":"scanner","type":"string","facet":false,"is_array":false,"is_searchable_across_types":false}],"relationships":[],"localized_metadata_attributes":{"name":{"de":"Metadatenimport","ru":"Импорт метаданных","sv":"Metadataimport","ko":"메타데이터 가져오기","pt":"Importação de Metadados","zh-TW":"meta 資料匯入","en":"Metadata Import","it":"Importazione di metadati","fr":"Importation de métadonnées","es":"Importación de metadatos","zh":"元数据导入","default":"Metadata Import","ja":"メタデータのインポート"}},"global_search_searchable":[],"attribute_only":false,"is_column_custom_attribute":false,"can_have_image":false,"version":1,"name":"metadata_import","scope":"GLOBAL","allow_decorators":true}