{"description":"The model facts user OpenPages asset type to capture OpenPages fields.","fields":[],"relationships":[],"properties":{"Additional Details":{"type":"string","description":"Additional Details","placeholder":"Please enter the value","is_array":false,"hidden":false,"readonly":false,"validated":false,"displayInChild":false,"restricted":false,"label":{"default":"Additional Details"}}},"localized_metadata_attributes":{"name":{"default":"Custom facts","en":"Custom facts"}},"global_search_searchable":[],"attribute_only":true,"is_column_custom_attribute":false,"can_have_image":false,"version":1,"name":"modelfacts_user_op","scope":"ACCOUNT","allow_decorators":false}