{"description":"OMRS asset type","fields":[{"key":"omrs_entity1.omrs_guid","type":"string","facet":false,"is_array":false,"is_searchable_across_types":false},{"key":"omrs_entity2.omrs_guid","type":"string","facet":false,"is_array":false,"is_searchable_across_types":false},{"key":"omrs_type","type":"string","facet":false,"is_array":false,"is_searchable_across_types":false}],"relationships":[],"localized_metadata_attributes":{"name":{"default":"OMRS relationship","en":"OMRS relationship","de":"OMRS-Beziehung","es":"Relación OMRS","fr":"Relation OMRS","it":"Relazione OMRS","ja":"OMRS 関係","ko":"OMRS 관계","pt":"Relacionamento do OMRS","ru":"Взаимосвязь OMRS","sv":"OMRS-relation","zh":"OMRS 关系","zh-TW":"OMRS 關係","pl":"Relacja OMRS"},"description":{"default":"OMRS asset type","en":"OMRS asset type","de":"OMRS-Assettyp","es":"Tipo de activo OMRS","fr":"Type d'actif OMRS","it":"Tipo di asset OMRS","ja":"OMRS 資産タイプ","ko":"OMRS 자산 유형","pt":"Tipo de ativo OMRS","ru":"Тип актива OMRS","sv":"OMRS-inventarietyp","zh":"OMRS 资产类型","zh-TW":"OMRS 資產類型","pl":"Typ zasobu OMRS"}},"global_search_searchable":[],"attribute_only":false,"is_column_custom_attribute":false,"can_have_image":false,"version":1,"name":"omrs_relationship","scope":"GLOBAL","allow_decorators":false}