{"description":"SQL constraint that is used to specify rules for data in a table,","fields":[],"relationships":[],"properties":{"constraint_type":{"type":"string","description":"Classification of the constraint, can be one of the following values: PRIMARY KEY, FOREIGN KEY, UNIQUE, CHECK","is_array":false,"validated":false,"displayInChild":false,"restricted":false,"label":{"default":"Constraint type","en":"Constraint type","de":"Typ der Randbedingung","es":"Restringir tipo","fr":"Type de contrainte","it":"Tipo di vincolo","ja":"制約タイプ","ko":"제한조건 유형","pt":"Tipo de restrição","ru":"Тип ограничения","sv":"Begränsningstyp","zh":"约束类型","zh-TW":"限制類型","pl":"Typ ograniczenia"},"localized_metadata_attributes":{"description":{"default":"Classification of the constraint, can be one of the following values: PRIMARY KEY, FOREIGN KEY, UNIQUE, CHECK","en":"Classification of the constraint, can be one of the following values: PRIMARY KEY, FOREIGN KEY, UNIQUE, CHECK","de":"Klassifikation der Randbedingung kann einer der folgenden Werte sein: PRIMARY KEY, FOREIGN KEY, UNIQUE, CHECK","es":"La clasificación de la restricción puede ser uno de los valores siguientes: PRIMARY KEY, FOREIGN KEY, UNIQUE, CHECK","fr":"La classification de la contrainte peut être l'une des valeurs suivantes : PRIMARY KEY, FOREIGN KEY, UNIQUE, CHECK","it":"La classificazione del vincolo, può avere uno dei seguenti valori: PRIMARY KEY, FOREIGN KEY, UNIQUE, CHECK","ja":"制約の分類は、PRIMARY KEY、FOREIGN KEY、UNIQUE、CHECK のいずれかの値になります","ko":"제한조건의 분류는 다음 값 중 하나일 수 있습니다. PRIMARY KEY, FOREIGN KEY, UNIQUE, CHECK","pt":"A classificação da restrição pode ser um dos valores a seguir: PRIMARY KEY, FOREIGN KEY, UNIQUE, CHECK","ru":"Классификация ограничения, может быть одним из следующих значений: ПЕРВИЧНЫЙ КЛЮЧ, ВНЕШНИЙ КЛЮЧ, УНИКАЛЬНОСТЬ, ПРОВЕРКА","sv":"Klassificering av regeln kan vara en av följande värden: PRIMARY KEY, FOREIGN KEY, UNIQUE, CHECK","zh":"约束的分类可以是以下一个值：PRIMARY KEY、FOREIGN KEY、UNIQUE、CHECK","zh-TW":"限制的分類，可以是下列其中一個值：主要索引鍵、外部索引鍵、唯一、檢查","pl":"Klasyfikacja ograniczenia może być jedną z następujących wartości: PRIMARY KEY, FOREIGN KEY, UNIQUE, CHECK"}}},"keys":{"type":"string","description":"Columns included in the key from the primary table","is_array":true,"validated":false,"displayInChild":false,"restricted":false,"label":{"default":"Key columns","en":"Key columns","de":"Schlüsselspalten","es":"Columnas de clave","fr":"Colonnes de clés","it":"Colonne chiave","ja":"キー列","ko":"키 열","pt":"Colunas chave","ru":"Ключевые столбцы","sv":"Nyckelkolumner","zh":"键列","zh-TW":"索引鍵直欄","pl":"Kolumny klucza"},"localized_metadata_attributes":{"description":{"default":"Columns included in the key from the primary table","en":"Columns included in the key from the primary table","de":"Spalten, die aus der Primärtabelle im Schlüssel enthalten sind","es":"Columnas incluidas en la clave de la tabla primaria","fr":"Colonnes incluses dans la clé de la table primaire","it":"Colonne incluse nella chiave dalla tabella primaria","ja":"1 次テーブルのキーに含まれる列","ko":"기본 테이블의 키에 포함된 열","pt":"Colunas incluídas na chave da tabela primária","ru":"Столбцы, включенные в ключ из первичной таблицы","sv":"Kolumner som ingår i nyckeln från den primära tabellen","zh":"主表的键中包含的列","zh-TW":"主要表格中包含在索引鍵的直欄","pl":"Kolumny uwzględnione w kluczu z tabeli podstawowej"}}},"target_keys":{"type":"string","description":"Columns included in the key from a referenced table","is_array":true,"validated":false,"displayInChild":false,"restricted":false,"label":{"default":"Target key columns","en":"Target key columns","de":"Ziel-Schlüsselspalten","es":"Columnas de clave de destino","fr":"Colonnes de clés cible","it":"Colonne chiave di destinazione","ja":"ターゲット・キー列","ko":"대상 키 열","pt":"Colunas chave de destino","ru":"Столбцы ключей назначения","sv":"Målnyckelkolumner","zh":"目标键列","zh-TW":"目標索引鍵直欄","pl":"Kolumny klucza docelowego"},"localized_metadata_attributes":{"description":{"default":"Columns included in the key from a referenced table","en":"Columns included in the key from a referenced table","de":"Spalten, die aus einer referenzierten Tabelle im Schlüssel enthalten sind","es":"Columnas incluidas en la clave de una tabla referenciada","fr":"Colonnes incluses dans la clé à partir d'une table référencée","it":"Colonne incluse nella chiave da una tabella di riferimento","ja":"参照される表のキーに含まれる列","ko":"참조된 테이블의 키에 포함된 열","pt":"Colunas incluídas na chave de uma tabela referenciada","ru":"Столбцы, включенные в ключ из таблицы, на которую есть ссылка","sv":"Kolumner som ingår i nyckeln från en refererad tabell","zh":"引用表的键中包含的列","zh-TW":"從參照表格併入索引鍵中的直欄","pl":"Kolumny zawarte w kluczu z tabeli, do której istnieje odwołanie"}}},"enforced":{"type":"bool","description":"Indicates whether the constraint is checked when inserting new rows to table or updating existing rows.","is_array":false,"validated":false,"displayInChild":false,"restricted":false,"label":{"default":"Is enforced","en":"Is enforced","de":"Wird durchgesetzt","es":"Se aplica","fr":"Est appliqué","it":"È applicato","ja":"強制されている","ko":"강제 실행됨","pt":"É imposto","ru":"Применяется","sv":"Är tvingad","zh":"是否强制执行","zh-TW":"被強制","pl":"Wymuszone"},"localized_metadata_attributes":{"description":{"default":"Indicates whether the constraint is checked when inserting new rows to table or updating existing rows.","en":"Indicates whether the constraint is checked when inserting new rows to table or updating existing rows.","de":"Gibt an, ob die Randbedingung geprüft wird, wenn neue Zeilen in die Tabelle eingefügt oder vorhandene Zeilen aktualisiert werden.","es":"Indica si la restricción se comprueba al insertar filas nuevas en la tabla o al actualizar filas existentes.","fr":"Indique si la contrainte est vérifiée lors de l'insertion de nouvelles lignes dans la table ou de la mise à jour de lignes existantes.","it":"Indica se il vincolo viene controllato quando si inseriscono nuove righe nella tabella o si aggiornano le righe esistenti.","ja":"表に新しい行を挿入するとき、または既存の行を更新するときに、制約にチェック・マークを付けるかどうかを示します。","ko":"테이블에 새 행을 삽입하거나 기존 행을 업데이트할 때 제한조건이 검사되는지 여부를 표시합니다.","pt":"Indica se a restrição é verificada ao inserir novas linhas na tabela ou atualizar as linhas existentes.","ru":"Указывает, проверяется ли ограничение при вставке новых строк в таблицу или при обновлении существующих строк.","sv":"Anger om begränsningen är markerad när nya rader infogas i tabellen eller uppdaterar befintliga rader.","zh":"指示在向表中插入新行或更新现有行时是否检查约束。","zh-TW":"指出在表格中插入新列或更新現有列時是否檢查限制項。","pl":"Określa, czy ograniczenie jest sprawdzane podczas wstawiania nowych wierszy do tabeli, czy podczas aktualizowania istniejących wierszy."}}},"notes":{"type":"string","description":"Free form textual notes that a user can add","is_array":false,"validated":false,"displayInChild":false,"restricted":false,"label":{"default":"Notes","en":"Notes","de":"Hinweise","es":"Notas","fr":"Remarques","it":"Note","ja":"ノート","ko":"참고","pt":"Notas","ru":"Заметки","sv":"Noteringar","zh":"注意","zh-TW":"附註：","pl":"Uwagi"},"localized_metadata_attributes":{"description":{"default":"Free form textual notes that a user can add","en":"Free form textual notes that a user can add","de":"Textnotizen in freiem Format, die ein Benutzer hinzufügen kann","es":"Notas textuales de formato libre que un usuario puede añadir","fr":"Notes textuelles en format libre qu'un utilisateur peut ajouter","it":"Note testuali in formato libero che un utente può aggiungere","ja":"ユーザーが追加できるフリー・フォームのテキストによる注記","ko":"사용자가 추가할 수 있는 자유 양식 텍스트 노트","pt":"Notas textuais de formato livre que um usuário pode incluir","ru":"Свободные текстовые заметки, которые пользователь может добавить","sv":"Egendefinierade anteckningar som en användare kan lägga till","zh":"用户可以添加的自由格式文本注释","zh-TW":"使用者可以新增的開放式文字附註","pl":"Dowolne notatki tekstowe, które mogą zostać dodane przez użytkownika"}}}},"localized_metadata_attributes":{"name":{"default":"Physical constraint","en":"Physical constraint","de":"Physische Bedingung","es":"Restricción física","fr":"Contrainte physique","it":"Vincolo fisico","ja":"物理制約","ko":"물리적 제한조건","pt":"Restrição física","ru":"Физическое ограничение","sv":"Fysisk begränsning","zh":"物理约束","zh-TW":"實體限制","pl":"Ograniczenie fizyczne"},"description":{"default":"SQL constraint that is used to specify rules for data in a table","en":"SQL constraint that is used to specify rules for data in a table","de":"SQL-Integritätsbedingung, die zur Angabe von Regeln für Daten in einer Tabelle verwendet wird.","es":"Restricción SQL que se utiliza para especificar reglas para datos en una tabla","fr":"Contrainte SQL utilisée pour spécifier des règles pour les données d'une table","it":"Vincolo SQL utilizzato per specificare le regole per i dati in una tabella","ja":"表内のデータの規則を指定するために使用される SQL 制約","ko":"테이블의 데이터에 대한 규칙을 지정하는 데 사용되는 SQL 제한조건","pt":"Restrição SQL que é usada para especificar regras para dados em uma tabela","ru":"Ограничение SQL, используемое для указания правил для данных в таблице","sv":"SQL-regel som används för att ange regler för data i en tabell","zh":"用于指定表中数据的规则的 SQL 约束","zh-TW":"SQL 限制，用來指定表格中資料的規則","pl":"Ograniczenie SQL używane do określania reguł dla danych w tabeli"}},"global_search_searchable":[],"attribute_only":false,"is_column_custom_attribute":false,"can_have_image":false,"version":1,"name":"physical_constraint","scope":"GLOBAL","allow_decorators":true}