{"description":"Data replication asset type","fields":[{"key":"ibm_cloud_region","type":"string","facet":false,"is_array":false,"is_searchable_across_types":false}],"relationships":[],"localized_metadata_attributes":{"name":{"default":"Data replication","en":"Data replication","de":"Datenreplikation","es":"Réplica de datos","fr":"Réplication des données","it":"Replica dati","ja":"データの複製","ko":"데이터 복제","pt":"Replicação de dados","zh":"数据复制","zh-TW":"資料抄寫"},"description":{"default":"Data replication asset type","en":"Data replication asset type","de":"Assettyp für Datenreplikation","es":"Tipo de activo de réplica de datos","fr":"Type d'actif de réplication de données","it":"Tipo di asset di replica dati","ja":"データ複製資産タイプ","ko":"데이터 복제 자산 유형","pt":"Tipo de ativo de replicação de dados","zh":"数据复制资产类型","zh-TW":"資料抄寫資產類型"}},"global_search_searchable":[],"attribute_only":false,"is_column_custom_attribute":false,"can_have_image":false,"version":1,"name":"replication","scope":"GLOBAL","allow_decorators":true}