{"description":"Asset type for watsonx prompts / prompt templates","fields":[{"key":"is_template","type":"boolean","facet":false,"is_array":false,"is_searchable_across_types":false},{"key":"task_ids","type":"string","facet":false,"is_array":true,"is_searchable_across_types":false},{"key":"external_prompt_id","type":"string","facet":false,"is_array":false,"is_searchable_across_types":false},{"key":"external_prompt_provider","type":"string","facet":false,"is_array":false,"is_searchable_across_types":false},{"key":"external_model_id","type":"string","facet":false,"is_array":false,"is_searchable_across_types":false},{"key":"input_mode","type":"string","facet":false,"is_array":false,"is_searchable_across_types":false}],"relationships":[],"localized_metadata_attributes":{"name":{"default":"Prompt template","de":"Eingabeaufforderungsvorlage","en":"Prompt template","es":"Plantilla de solicitud","fr":"Modèle d'invite","it":"Modello prompt","ja":"プロンプト・テンプレート","ko":"프롬프트 템플리트","pt":"Modelo de prompt","ru":"Шаблон приглашения","sv":"Promptmall","zh":"提示模板","zh-TW":"提示範本"}},"global_search_searchable":[],"attribute_only":false,"is_column_custom_attribute":false,"can_have_image":false,"version":1,"name":"wx_prompt","scope":"GLOBAL","allow_decorators":true}