cardid,value,pmethod,sex,homeown,income,age,fruitveg,freshmeat,dairy,cannedveg,cannedmeat,frozenmeal,beer,wine,softdrink,fish,confectionery
39808,42.7123,CHEQUE,M,NO,27000,46,F,T,T,F,F,F,F,F,F,F,T
67362,25.3567,CASH,F,NO,30000,28,F,T,F,F,F,F,F,F,F,F,T
10872,20.6176,CASH,M,NO,13200,36,F,F,F,T,F,T,T,F,F,T,F
26748,23.6883,CARD,F,NO,12200,26,F,F,T,F,F,F,F,T,F,F,F
91609,18.8133,CARD,M,YES,11000,24,F,F,F,F,F,F,F,F,F,F,F
26630,46.4867,CARD,F,NO,15000,35,F,T,F,F,F,F,F,T,F,T,F
62995,14.0467,CASH,F,YES,20800,30,T,F,F,F,F,F,F,F,T,F,F
38765,22.2034,CASH,M,YES,24400,22,F,F,F,F,F,F,T,F,F,F,F
28935,22.975,CHEQUE,F,NO,29500,46,T,F,F,F,F,T,F,F,F,F,F
41792,14.5692,CASH,M,NO,29600,22,T,F,F,F,F,F,F,F,F,T,F
59480,10.3282,CASH,F,NO,27100,18,T,T,T,T,F,F,F,T,F,T,F
60755,13.7796,CASH,F,YES,20000,48,T,F,F,F,F,F,F,F,F,T,F
70998,36.509,CARD,M,YES,27300,43,F,F,T,F,T,T,F,F,F,T,F
80617,10.2011,CHEQUE,F,YES,28000,43,F,F,F,F,F,F,F,F,T,T,F
61144,10.3736,CASH,F,NO,27400,24,T,F,T,F,F,F,F,F,T,T,F
36405,34.8222,CHEQUE,F,YES,18400,19,F,F,F,F,F,T,T,F,T,F,F
76567,42.248,CARD,M,YES,23100,31,T,F,F,T,F,F,F,F,F,T,F
85699,18.1688,CASH,F,YES,27000,29,F,F,F,F,F,F,F,F,F,T,F
11357,10.753,CASH,F,YES,23100,26,F,F,F,F,F,F,T,F,F,T,F
97761,32.3184,CARD,F,YES,25800,38,T,F,F,T,F,F,F,T,F,T,T
20362,31.72,CASH,M,YES,25100,38,F,F,F,F,F,T,F,F,F,T,F
33173,36.8328,CASH,F,YES,24700,43,F,F,F,F,F,F,F,T,F,F,T
69934,31.1787,CHEQUE,F,YES,21300,41,F,F,F,F,F,F,F,F,F,T,F
14743,21.6813,CASH,M,YES,12400,48,T,T,T,T,T,T,T,T,F,F,F
83071,29.8536,CASH,M,YES,18100,31,F,F,F,F,F,F,T,F,F,F,T
17571,15.27,CARD,F,YES,22900,23,T,F,T,F,F,T,T,F,F,F,F
37917,32.2318,CHEQUE,F,NO,27000,32,F,T,F,F,F,F,F,T,F,F,T
11236,42.5669,CARD,M,YES,26800,34,F,F,F,F,F,F,F,F,F,F,F
47914,44.5913,CASH,F,YES,24700,32,F,T,F,F,F,F,F,T,F,T,T
58154,49.1367,CHEQUE,M,NO,21300,50,F,F,F,F,T,F,F,F,F,F,F
35197,40.3398,CASH,M,NO,27400,38,F,F,F,F,F,T,T,T,F,T,F
64892,38.9995,CASH,F,YES,12900,46,F,F,F,F,F,T,F,T,F,F,F
102467,13.7623,CARD,F,YES,26700,48,F,F,F,T,T,F,T,T,F,F,F
56677,30.3099,CASH,F,NO,27800,42,T,F,F,F,F,F,F,F,F,F,F
94105,10.3719,CARD,M,YES,24100,44,F,T,F,F,F,F,F,F,T,F,F
63817,29.1748,CHEQUE,M,YES,19600,28,F,F,F,F,F,F,F,F,F,F,F
44887,46.8983,CARD,M,YES,28400,41,T,F,F,F,F,F,F,F,F,F,F
69720,13.7837,CARD,F,NO,16600,41,F,T,F,F,F,F,F,F,F,F,F
97267,33.0618,CHEQUE,F,YES,10200,19,F,F,F,F,F,F,F,F,F,T,T
53750,38.5113,CHEQUE,F,YES,24800,23,F,F,F,F,F,F,F,T,F,F,T
109530,37.4844,CARD,M,NO,21100,30,F,T,F,F,F,F,T,F,F,F,F
65493,26.7732,CASH,M,YES,19900,43,F,F,F,F,F,F,F,F,T,F,F
96694,28.2755,CARD,M,NO,16300,28,F,F,F,T,T,T,T,T,F,T,F
46730,41.6178,CARD,F,NO,18700,35,T,F,F,F,T,F,F,F,F,F,F
60499,11.8442,CASH,M,YES,12800,30,T,T,F,F,F,F,F,F,F,F,F
73004,13.0578,CHEQUE,M,YES,23800,18,F,F,F,F,F,F,F,T,F,F,F
21787,19.5369,CASH,M,NO,19700,45,F,F,F,F,F,F,F,F,F,T,F
28314,38.8062,CARD,F,YES,29200,37,F,F,F,F,F,T,F,T,F,F,T
24651,32.1216,CASH,F,NO,22700,37,F,F,F,F,F,F,F,T,T,F,T
29367,43.3149,CHEQUE,M,YES,28800,35,F,F,F,F,F,T,F,F,F,F,F
15072,41.6457,CARD,M,NO,28400,34,F,F,F,F,F,T,F,F,F,F,F
33622,39.2378,CASH,M,NO,26200,25,T,F,F,F,F,F,T,T,F,T,F
42167,10.6201,CARD,F,NO,11100,35,F,T,F,F,F,F,F,T,T,F,F
43550,10.5365,CASH,M,NO,10200,47,F,F,F,T,F,T,T,F,T,F,F
18724,49.1775,CASH,F,NO,13500,17,F,F,T,F,F,F,T,F,F,F,F
91019,48.4029,CARD,M,YES,24100,29,F,F,F,F,F,F,F,T,F,F,F
68193,15.7157,CARD,F,YES,29600,24,T,F,F,F,F,F,F,F,F,F,F
35262,26.2512,CHEQUE,M,YES,18100,22,T,F,F,T,F,F,T,T,F,F,F
93401,45.7963,CARD,F,YES,29700,25,F,F,F,F,F,F,F,T,F,T,T
15177,24.7919,CARD,F,NO,11700,46,F,F,F,F,F,F,F,F,F,F,T
96173,26.3483,CARD,F,NO,13800,31,F,F,F,F,F,F,F,F,T,F,F
50180,35.5435,CASH,M,YES,23700,42,F,F,F,T,T,F,F,F,T,F,T
31828,30.426,CARD,M,NO,12000,17,F,F,T,F,T,F,F,F,F,T,F
62022,42.7131,CASH,F,NO,13300,40,F,F,F,F,F,F,F,T,F,F,T
105225,28.5341,CASH,M,NO,21600,35,T,F,T,F,F,F,F,F,F,F,T
64668,31.2009,CASH,M,NO,11200,49,F,F,T,T,T,T,T,F,T,F,F
53320,46.27,CARD,M,YES,18200,39,F,F,F,F,T,F,F,F,T,T,F
15068,17.8948,CHEQUE,M,YES,21400,50,F,F,F,F,F,F,T,F,F,F,F
99849,37.0252,CASH,F,YES,11400,17,T,F,T,F,F,F,F,F,F,F,F
63694,22.3043,CARD,F,YES,11700,29,T,F,T,T,F,F,F,F,F,F,F
24874,35.938,CASH,F,YES,26700,46,T,T,T,F,F,F,F,T,F,F,T
104988,24.3263,CASH,M,NO,24800,39,F,F,F,F,T,F,F,F,F,F,F
84902,44.9991,CARD,M,YES,29600,50,F,F,F,F,F,T,F,F,F,F,F
96512,37.8721,CARD,F,NO,20500,43,T,F,F,F,F,F,T,T,F,F,T
99575,19.2134,CARD,M,YES,28100,38,F,F,F,F,F,T,F,F,F,T,F
33413,37.9016,CASH,F,NO,20700,39,F,F,F,F,F,T,F,T,F,F,T
57678,47.6595,CHEQUE,M,NO,24900,29,F,F,F,F,F,T,F,F,F,F,F
89425,28.8615,CHEQUE,M,NO,20300,17,T,F,F,T,F,F,T,F,F,T,F
60571,24.6707,CASH,F,NO,18600,29,F,F,F,F,F,T,F,F,F,T,F
76095,28.0024,CHEQUE,M,YES,11000,46,F,F,F,T,F,T,T,F,F,F,F
48247,48.6794,CHEQUE,F,NO,11000,50,F,F,F,F,F,F,F,F,F,F,F
88019,47.3606,CHEQUE,M,YES,23300,41,T,F,F,F,F,F,F,F,F,F,F
30850,17.1818,CASH,F,NO,19900,34,T,F,F,F,F,F,F,F,F,T,F
66117,25.4945,CHEQUE,F,NO,27200,26,F,F,F,F,T,F,F,F,F,T,F
97377,28.263,CARD,F,NO,12700,24,F,F,F,F,F,F,T,F,F,F,F
101722,15.7228,CHEQUE,M,NO,29400,31,F,T,F,F,F,T,F,F,F,T,F
43498,33.6065,CHEQUE,F,YES,17000,44,F,F,F,F,F,F,F,F,F,F,F
44562,13.532,CHEQUE,F,YES,28600,50,F,F,F,F,F,T,F,F,T,F,F
74710,16.3704,CARD,F,YES,27300,30,F,F,F,F,F,F,F,F,F,F,F
85585,36.426,CARD,F,YES,26300,46,F,F,F,F,F,F,F,T,T,F,T
97287,35.3706,CHEQUE,M,NO,13800,49,F,F,F,T,F,T,T,T,F,T,F
19268,25.055,CASH,F,YES,11000,29,F,F,F,F,F,F,F,F,F,F,F
50150,39.5248,CASH,F,NO,18800,27,T,F,F,F,F,F,F,T,T,T,F
67455,18.198,CARD,F,YES,19300,40,F,T,F,F,F,F,T,F,F,F,F
16350,31.8923,CARD,F,YES,22900,16,T,T,F,F,F,F,F,F,F,F,F
42778,35.2808,CASH,M,YES,15500,17,F,F,T,T,F,T,T,F,T,F,F
98181,16.351,CASH,F,YES,21900,24,F,F,T,F,F,F,F,F,T,F,T
106522,10.007,CHEQUE,M,YES,14500,22,F,F,F,T,F,T,T,F,F,F,F
36278,43.0066,CASH,M,NO,20400,40,F,T,F,F,F,T,F,F,T,F,F
26130,12.6214,CHEQUE,F,NO,18400,45,F,F,F,T,F,F,F,T,F,F,F
57851,29.562,CASH,F,YES,18700,43,T,F,F,F,T,F,T,F,F,F,T
81971,19.3672,CASH,M,NO,28200,17,T,F,T,T,F,F,F,F,F,T,F
57068,22.8535,CHEQUE,M,NO,20900,42,F,F,T,F,F,F,F,F,F,F,F
69122,32.0161,CARD,M,YES,29300,34,F,F,T,F,T,F,F,F,F,F,F
68489,22.5684,CHEQUE,F,YES,24900,18,F,F,F,F,F,T,F,F,F,T,F
46471,25.4795,CHEQUE,M,YES,17100,23,F,F,F,F,F,F,F,F,F,F,F
88359,23.0214,CARD,F,YES,19100,21,T,T,F,F,F,F,F,F,F,F,T
44294,38.5314,CASH,M,NO,16300,18,F,F,T,T,F,T,T,F,F,F,F
95604,23.5058,CHEQUE,M,NO,11600,44,F,F,F,T,T,T,T,T,F,T,F
103596,27.4252,CARD,F,NO,12300,26,F,F,F,F,T,F,F,F,T,F,F
103473,25.0338,CHEQUE,F,YES,12100,26,F,F,F,F,T,T,F,F,F,F,F
94467,18.9589,CASH,M,YES,16600,49,F,F,F,T,F,T,T,F,T,T,F
38097,37.1385,CASH,M,NO,11700,19,T,F,F,T,T,T,T,T,F,T,F
49632,10.7717,CARD,M,NO,21700,21,F,F,F,T,T,F,F,F,F,T,T
82558,10.1074,CARD,F,YES,27500,22,F,T,F,F,F,F,T,T,T,F,F
50324,20.1004,CASH,M,YES,28900,16,F,T,F,F,F,F,F,F,T,T,F
38468,42.7908,CARD,F,YES,18300,23,F,F,F,F,F,F,F,F,F,F,F
38055,14.4497,CARD,F,YES,22600,25,T,F,F,F,F,F,F,F,F,F,F
74876,18.2937,CASH,M,YES,17100,45,F,F,T,F,F,F,T,F,F,F,T
18079,24.816,CARD,M,YES,19800,32,F,F,T,F,F,F,F,T,F,F,F
16316,39.1701,CHEQUE,M,NO,23300,22,T,F,T,F,F,T,F,F,F,T,F
37166,16.4835,CARD,F,NO,21600,23,T,F,F,F,F,F,T,F,F,T,F
18334,42.4343,CASH,F,NO,25900,43,F,F,F,F,F,T,F,T,F,F,T
102645,13.4218,CARD,F,YES,17200,23,F,F,F,T,T,F,F,F,F,F,F
101100,18.9591,CARD,M,YES,16600,42,F,F,F,T,F,T,T,T,F,F,F
64861,18.7711,CASH,M,YES,27200,49,F,F,T,F,F,T,T,F,F,F,T
19041,14.6823,CARD,F,NO,21100,23,T,T,F,T,F,F,F,F,F,T,F
85771,10.0455,CARD,F,NO,15700,36,F,F,F,F,T,F,F,T,F,F,T
79303,39.6497,CASH,M,NO,17000,19,T,F,T,F,F,F,F,F,F,T,F
92675,44.5153,CHEQUE,F,NO,18100,47,F,T,F,F,F,F,F,F,F,F,F
71690,13.6361,CASH,F,NO,29300,18,T,F,F,F,F,F,T,F,T,T,F
86350,12.184,CARD,F,NO,18200,49,F,F,F,F,F,T,F,F,T,F,F
88260,29.7785,CARD,F,NO,12000,34,F,F,T,T,F,F,F,F,F,F,F
86759,48.4566,CARD,F,NO,14800,34,F,F,F,T,F,F,F,F,F,F,F
49861,38.8491,CASH,M,YES,20300,32,F,F,F,F,F,F,T,F,F,F,F
21543,13.9176,CHEQUE,F,NO,28900,27,F,F,F,T,F,T,F,T,T,F,F
70481,31.7001,CHEQUE,M,YES,29800,30,F,F,F,T,F,F,T,F,T,T,F
29944,42.8985,CASH,M,NO,29800,18,T,F,F,F,F,T,T,F,T,T,F
46054,14.2814,CARD,M,NO,15000,46,F,T,F,T,T,T,T,F,T,F,T
61329,26.9282,CARD,F,YES,17200,49,T,F,F,F,F,F,F,F,F,F,F
24566,39.4489,CARD,F,YES,24300,34,F,F,F,T,T,F,F,T,F,T,T
58768,18.0798,CHEQUE,F,YES,10800,16,F,F,F,F,F,F,F,T,T,F,F
71343,48.2751,CASH,M,YES,13700,38,F,F,F,T,F,T,T,F,F,F,F
55418,20.8812,CARD,F,YES,16800,23,T,F,F,F,F,F,F,F,F,F,F
18228,31.7275,CASH,M,NO,17700,41,F,F,F,T,F,F,F,F,F,F,F
37305,33.9607,CARD,M,NO,18200,49,F,F,F,F,F,F,F,F,F,F,F
30243,30.3916,CASH,M,YES,11500,33,F,T,F,T,T,T,T,T,F,F,T
59599,27.4881,CASH,F,YES,18700,28,F,F,F,F,T,T,T,F,F,F,F
61869,31.8011,CASH,M,NO,12100,46,T,F,F,T,F,T,T,T,F,F,F
10360,27.4012,CHEQUE,M,NO,13400,20,F,F,F,T,F,T,T,F,F,T,F
83338,26.2061,CASH,M,NO,18500,41,F,F,F,F,T,F,F,F,F,F,F
39080,18.3878,CARD,F,YES,21000,36,F,F,F,T,F,F,F,F,F,T,F
84799,31.3192,CARD,M,YES,17600,21,F,T,F,F,T,F,F,F,F,F,F
51979,20.5285,CARD,M,YES,11100,16,F,F,F,T,T,T,T,F,F,F,T
40505,43.0394,CARD,F,NO,25400,50,F,T,T,F,F,F,F,T,F,F,T
37098,26.6378,CARD,F,YES,14100,37,T,T,F,F,F,F,F,F,T,F,F
29524,10.7127,CASH,F,YES,25100,37,F,F,F,T,F,F,F,F,F,F,F
63452,17.8916,CASH,M,NO,12000,48,F,F,F,T,T,T,T,F,F,F,F
20158,23.7441,CHEQUE,M,YES,29000,43,F,F,F,F,T,F,F,F,F,T,F
70182,11.3005,CARD,F,YES,12200,18,F,F,F,T,F,T,F,F,F,F,F
56034,41.2711,CASH,M,NO,14100,16,T,T,F,T,F,T,T,F,F,T,F
44235,27.7268,CASH,F,YES,23200,41,F,F,T,F,F,F,T,T,F,F,T
96881,14.6112,CARD,M,YES,11900,39,F,F,F,T,T,T,T,T,F,F,F
27166,13.4513,CASH,F,YES,25100,44,F,F,F,F,F,F,F,F,F,F,F
39884,31.2737,CASH,M,NO,29700,21,F,F,F,F,F,F,F,T,F,F,F
95141,45.3427,CARD,F,YES,20900,37,T,F,F,F,F,F,F,T,F,F,T
28110,27.6974,CARD,M,YES,12100,21,F,F,F,F,F,T,F,F,F,F,F
85259,40.9303,CARD,F,YES,11000,22,T,F,F,F,F,T,T,F,F,F,F
14996,22.2591,CASH,M,YES,26100,17,F,T,T,T,F,T,F,F,F,T,T
55652,41.7166,CARD,M,NO,14100,20,T,F,F,T,F,T,T,F,F,T,F
43964,29.4585,CASH,F,NO,18500,24,T,F,F,T,F,F,F,T,F,F,F
51183,22.3157,CASH,F,NO,23100,25,F,F,F,F,F,F,F,F,F,F,F
29310,49.8459,CASH,M,YES,28900,22,F,F,F,F,F,F,F,T,T,F,F
21187,20.5744,CHEQUE,F,YES,15400,36,F,T,F,F,F,F,T,F,F,F,F
83536,31.9368,CASH,F,NO,11600,22,F,F,F,F,F,F,T,F,T,T,F
95887,43.1964,CASH,M,NO,12500,27,F,F,F,T,T,T,T,F,T,F,F
88176,34.5366,CARD,F,YES,28300,31,F,F,T,F,F,T,F,T,T,F,T
65418,38.6017,CASH,F,YES,24600,48,F,F,F,F,F,F,F,T,F,F,T
27766,40.0773,CARD,F,NO,18900,34,T,F,F,F,F,F,T,F,F,F,F
66191,37.5233,CASH,F,NO,22600,35,T,F,T,F,F,T,T,F,F,F,F
108764,44.6294,CASH,M,YES,10200,27,F,F,F,T,F,T,T,T,F,T,F
12782,31.3296,CHEQUE,F,NO,20300,31,F,F,F,T,F,F,T,F,F,F,F
75118,31.7774,CHEQUE,F,YES,22200,49,F,F,F,F,T,F,F,F,F,F,F
58188,36.0631,CARD,M,NO,29900,19,T,F,F,F,T,F,F,F,F,T,F
95479,45.7417,CHEQUE,M,NO,22700,32,F,F,F,T,T,F,F,T,F,F,T
59439,20.7784,CASH,M,YES,22000,24,T,F,F,F,F,F,T,F,F,F,F
104903,34.4437,CASH,F,NO,28200,30,T,F,F,F,F,F,F,T,F,F,T
44825,36.9448,CARD,F,NO,12600,50,F,T,F,F,F,F,F,F,F,T,T
71887,30.067,CASH,M,NO,14700,46,F,T,F,T,F,T,T,T,F,T,T
18708,30.7868,CASH,F,YES,25900,35,F,F,F,T,T,T,T,F,F,T,F
74423,22.3177,CASH,F,YES,20000,18,F,F,F,F,F,F,T,F,F,F,F
97967,11.5144,CASH,F,NO,27600,48,F,F,F,F,F,F,F,F,T,T,F
20386,39.8296,CHEQUE,F,YES,15400,32,F,F,T,F,F,F,F,F,F,F,F
77218,38.2717,CARD,M,NO,16500,34,T,F,F,T,F,T,T,T,F,T,F
80137,12.847,CASH,F,NO,22200,33,F,F,F,F,F,F,F,F,F,F,F
84092,34.8497,CARD,F,NO,22000,48,T,F,T,F,F,T,F,T,T,T,T
58914,28.9163,CARD,F,YES,25500,50,F,F,F,F,F,T,F,F,F,F,F
16287,42.5534,CASH,F,NO,25800,16,T,F,F,F,F,F,F,T,T,F,T
86044,30.5434,CARD,M,NO,13900,30,F,F,F,T,F,T,T,T,T,F,F
36927,20.1812,CHEQUE,M,NO,11100,35,F,F,F,T,F,T,T,F,F,F,T
93304,42.4567,CARD,M,NO,28200,34,F,F,F,F,F,T,F,F,F,F,T
66988,17.9591,CARD,M,YES,12300,43,F,F,F,T,F,T,T,F,F,T,F
55091,40.2274,CASH,M,NO,24400,19,F,F,F,F,T,F,T,F,F,F,F
64215,17.0993,CASH,M,NO,15300,42,T,F,F,T,T,T,T,F,F,F,F
28629,44.8107,CASH,M,NO,26200,31,F,F,F,F,F,F,T,F,F,F,T
98383,33.8642,CASH,M,NO,24500,32,F,F,F,T,T,T,F,F,F,F,T
107505,21.3633,CASH,F,YES,25000,32,F,F,F,F,F,F,F,F,F,F,T
99578,15.7681,CARD,M,NO,24300,27,F,F,F,F,T,F,F,F,T,F,T
28979,35.8494,CHEQUE,F,YES,20100,21,F,F,F,T,F,F,F,T,F,F,T
102733,28.5154,CASH,F,NO,17200,24,T,F,F,F,F,F,F,F,F,T,T
81690,37.3617,CARD,F,NO,23900,36,F,F,F,F,F,F,F,T,F,F,T
25405,36.4166,CARD,M,NO,27600,36,F,F,F,F,T,F,F,F,F,T,F
85348,40.2677,CHEQUE,F,YES,12400,24,F,F,F,F,T,F,F,F,F,F,F
19915,40.0868,CASH,F,NO,15700,21,T,F,F,F,T,F,F,F,F,T,F
99387,10.6184,CASH,F,NO,16500,49,F,T,F,F,T,F,F,F,F,F,T
32380,11.1224,CARD,F,YES,18900,20,T,F,F,T,F,F,F,T,F,F,F
39914,36.7285,CARD,F,YES,13700,26,T,F,T,F,F,F,F,F,F,F,F
57952,35.1487,CHEQUE,F,NO,26900,48,F,F,F,T,F,F,F,T,F,F,T
64239,27.5083,CARD,M,YES,15800,22,F,F,F,T,F,T,T,T,T,F,F
38014,23.331,CHEQUE,F,NO,16000,42,F,T,F,T,T,T,F,F,T,F,F
21875,10.7267,CASH,F,NO,25000,17,T,F,F,F,F,F,F,T,F,T,F
37939,49.7316,CARD,M,YES,28300,18,T,T,F,F,T,F,F,F,T,F,F
109061,37.3485,CASH,F,NO,27800,50,F,T,F,F,F,F,F,T,F,F,T
100754,11.3294,CHEQUE,F,NO,17100,16,T,F,F,T,F,T,F,F,F,T,F
28313,34.8889,CASH,F,NO,27700,48,T,F,F,F,F,F,F,T,F,F,T
82753,37.5762,CHEQUE,F,YES,23200,42,T,T,T,F,F,F,F,T,F,F,T
105412,18.3099,CASH,M,NO,18500,29,F,F,F,F,F,F,T,F,F,F,F
42583,35.6757,CASH,F,YES,13300,24,F,F,F,F,F,F,F,F,F,F,F
89233,37.6838,CARD,F,YES,28400,17,F,T,F,F,F,F,F,F,F,F,F
76777,43.748,CARD,F,NO,26900,28,F,F,F,F,F,F,F,T,F,F,T
16220,34.7872,CHEQUE,M,NO,15300,33,F,F,F,T,F,T,T,F,T,F,T
17864,35.6562,CHEQUE,F,NO,28900,18,T,F,T,F,F,F,F,T,F,T,T
87270,31.4868,CHEQUE,M,NO,21300,29,F,F,T,T,T,F,F,T,F,F,F
34593,35.8231,CARD,M,YES,26800,50,F,F,T,F,T,T,F,T,F,F,F
67697,12.9477,CARD,M,NO,18200,44,F,F,T,F,F,T,F,F,F,F,F
32302,33.8303,CARD,F,YES,12500,37,F,F,F,F,F,F,F,F,F,F,F
15663,45.1901,CARD,F,YES,19700,45,F,F,F,F,F,F,T,F,F,F,F
108601,14.1216,CASH,M,NO,17100,49,F,F,F,F,F,F,F,T,F,T,F
55951,15.6793,CARD,M,NO,23600,39,F,F,F,F,F,F,F,T,F,F,T
39817,13.2005,CASH,F,YES,17500,49,F,F,F,F,F,F,T,F,F,F,F
19613,46.1507,CARD,F,YES,11000,45,F,F,F,F,T,F,F,F,F,F,F
71600,47.3234,CHEQUE,M,NO,12400,33,T,F,F,T,T,T,T,T,F,T,F
96561,30.3759,CARD,M,NO,17000,29,F,F,F,F,F,F,F,F,F,F,F
90861,38.2559,CASH,F,YES,18600,29,T,T,F,F,F,F,F,F,F,F,T
68501,15.3726,CHEQUE,F,NO,24000,31,T,T,F,F,F,F,F,F,T,T,F
30132,23.9357,CASH,M,NO,15700,23,T,F,T,T,F,T,T,F,F,T,F
78639,32.0691,CASH,M,NO,27900,48,F,F,F,F,F,F,F,F,F,T,F
46419,45.3239,CARD,F,NO,20000,27,F,F,F,F,F,F,F,F,F,F,T
50633,23.0638,CHEQUE,M,YES,19200,46,F,F,F,F,F,F,F,F,F,F,T
11553,15.1133,CASH,M,NO,28300,27,F,F,F,F,F,F,F,F,F,F,T
65853,20.6815,CASH,M,YES,17500,33,T,F,T,F,F,F,F,F,F,F,F
47547,42.8159,CASH,F,YES,16900,46,F,F,F,F,F,F,F,F,T,F,F
38360,35.0157,CASH,F,YES,14700,27,F,F,F,T,F,F,F,F,F,F,F
107728,16.9603,CHEQUE,F,NO,26800,49,F,T,F,F,F,T,T,T,F,F,F
30390,26.6278,CASH,M,YES,21400,25,F,F,F,F,F,F,F,F,T,F,F
75815,19.1927,CARD,F,YES,19200,40,F,F,F,F,F,T,F,T,F,F,T
106288,10.0926,CHEQUE,F,YES,12300,23,F,F,F,T,F,F,F,F,F,F,T
88596,34.1082,CASH,F,NO,28400,38,F,F,T,F,F,F,F,T,T,F,T
93469,32.7656,CHEQUE,M,NO,24800,16,T,F,T,T,T,T,F,F,T,T,F
34756,15.2704,CARD,F,YES,15900,18,F,F,F,F,F,F,F,F,F,F,F
12584,46.6323,CARD,F,YES,17400,29,T,F,F,F,F,F,T,T,F,F,T
107080,29.4064,CARD,F,NO,25100,43,F,F,F,T,F,F,F,F,F,F,F
73651,14.1309,CASH,M,YES,11700,22,T,T,F,F,F,F,F,F,F,F,F
54180,43.0372,CASH,M,NO,13500,32,F,T,F,T,F,T,T,F,F,F,F
45102,32.5518,CASH,M,NO,28800,16,T,F,F,F,F,T,F,F,F,T,F
85475,37.0037,CARD,M,YES,24500,47,T,F,F,F,F,F,F,T,F,F,F
78363,49.4132,CARD,M,YES,10600,18,T,F,F,T,F,T,T,T,F,F,F
23718,37.8611,CHEQUE,M,YES,29700,37,F,F,F,T,F,T,F,T,F,T,F
54152,20.595,CARD,M,YES,24400,38,F,F,F,F,F,T,T,T,F,F,F
93963,49.1922,CARD,M,YES,25100,21,F,T,F,F,F,F,F,F,F,F,F
35561,34.4236,CASH,M,YES,13300,24,F,F,F,F,F,T,F,F,F,F,T
30371,30.8872,CARD,F,YES,23100,24,T,F,F,F,F,F,F,F,F,F,F
93669,27.7032,CHEQUE,F,NO,21600,37,F,F,F,T,F,F,F,T,F,F,T
70858,20.9462,CASH,M,YES,17600,46,T,T,F,T,F,F,F,F,F,T,T
103147,43.8622,CARD,M,YES,18100,28,F,F,F,T,F,F,F,F,F,F,F
80198,34.267,CARD,F,NO,28300,47,F,F,F,F,F,F,T,T,F,F,T
42459,32.6446,CARD,F,YES,23800,47,F,F,F,F,T,T,F,T,T,F,T
36631,27.0515,CASH,M,YES,22100,16,F,F,F,F,F,F,F,F,F,F,F
43800,44.2831,CARD,F,YES,27900,36,F,F,F,T,F,F,T,T,F,F,T
60240,21.9871,CASH,M,YES,23800,45,F,F,F,F,F,F,F,F,F,F,F
29640,28.5955,CASH,F,NO,17800,27,F,F,F,T,T,T,F,T,F,F,F
109000,14.9647,CASH,F,YES,17800,22,F,F,F,T,T,F,F,T,T,F,F
108739,10.9737,CASH,M,NO,20800,29,T,F,F,F,F,F,F,T,T,F,T
104165,32.2963,CARD,M,NO,25400,43,F,F,F,F,F,F,F,T,F,F,F
73630,10.4506,CARD,F,NO,19800,25,F,F,F,T,T,F,F,T,F,F,F
25765,35.6814,CHEQUE,F,YES,30000,25,F,F,F,F,F,F,F,T,F,F,T
84903,32.8053,CARD,F,NO,29600,17,T,F,F,F,F,T,F,F,T,T,F
99347,34.6651,CARD,F,YES,23100,44,F,T,T,T,F,F,F,T,F,F,T
41157,20.2332,CASH,F,NO,15200,40,T,F,T,F,T,T,F,F,T,F,F
20325,15.356,CARD,M,YES,26600,24,F,T,T,F,F,T,F,T,F,F,F
71462,40.9979,CARD,F,YES,26300,42,F,T,F,F,F,F,F,T,F,F,T
91928,12.3639,CARD,F,NO,14300,19,T,F,F,F,T,F,F,T,T,T,T
80306,31.9965,CASH,F,NO,15200,27,F,F,T,F,T,T,T,T,F,F,F
78113,14.3918,CASH,F,YES,23800,22,T,F,F,T,F,F,F,T,F,F,F
95488,11.9753,CARD,F,NO,18100,26,T,F,T,F,F,F,F,F,F,F,F
27720,37.4582,CARD,F,NO,13400,16,F,F,F,F,F,T,F,F,F,T,F
76264,15.99,CHEQUE,M,NO,29700,16,T,T,F,F,F,F,F,F,F,T,F
38477,13.8168,CASH,M,YES,16500,38,F,T,F,F,F,F,F,F,F,F,T
43557,24.5056,CASH,F,YES,10800,25,T,F,F,F,F,F,F,F,F,F,F
10609,14.2389,CHEQUE,F,NO,16700,41,T,F,F,F,F,F,F,F,F,T,F
73259,16.8793,CARD,F,NO,24700,42,T,F,F,F,T,F,F,F,F,F,F
18920,45.3683,CASH,M,NO,15800,49,F,F,F,T,F,F,F,T,T,F,F
39581,29.2526,CASH,F,YES,27900,49,F,F,F,F,F,F,F,F,F,F,F
14912,39.1559,CHEQUE,M,YES,28100,28,F,F,F,T,F,T,T,T,F,F,F
80438,15.8347,CARD,M,NO,19600,38,F,F,F,F,F,F,F,T,F,F,T
81034,20.9511,CHEQUE,M,YES,12800,28,F,T,F,T,T,T,T,F,F,F,F
89250,43.6042,CASH,F,NO,27900,29,F,T,F,F,T,F,F,T,F,F,T
96982,15.4964,CARD,M,YES,15300,49,T,F,F,T,F,T,T,F,F,F,F
89872,15.6822,CARD,F,YES,19100,40,F,F,F,F,F,F,T,F,F,F,F
71140,22.0941,CARD,M,YES,25800,42,F,F,F,F,F,F,T,F,F,F,F
83650,33.5584,CASH,F,YES,27000,22,F,F,F,F,F,F,F,F,F,T,F
14891,18.391,CASH,F,NO,27400,26,F,F,F,T,F,F,F,F,F,F,F
83523,45.8037,CASH,M,NO,17400,40,F,F,F,F,F,F,F,F,F,F,F
48896,30.4368,CASH,F,YES,17200,22,F,F,F,F,F,F,F,F,F,F,F
68438,23.4241,CASH,F,YES,21700,46,T,F,F,F,F,F,F,F,F,F,T
86681,15.0004,CHEQUE,F,NO,13500,50,F,F,F,F,F,F,F,F,F,F,F
66267,15.686,CASH,F,NO,27300,21,T,T,T,F,F,F,T,T,F,T,T
87975,27.82,CARD,F,NO,17900,26,F,F,T,F,F,F,F,F,F,T,F
39970,46.7406,CHEQUE,M,YES,13900,22,F,F,F,T,F,T,T,F,F,F,F
104111,27.4529,CARD,F,YES,12300,20,F,F,T,F,F,F,F,F,F,T,T
92209,30.904,CHEQUE,F,YES,22700,17,F,T,T,F,T,F,F,F,F,F,F
66711,41.407,CASH,F,NO,15400,48,F,F,T,F,F,F,F,F,F,F,F
102215,13.1647,CASH,M,YES,14400,47,F,F,F,T,F,T,T,F,F,F,F
34750,21.9036,CARD,F,NO,27800,48,T,F,F,T,T,F,T,F,F,F,F
62060,40.7025,CARD,M,YES,11100,42,F,F,F,T,F,T,T,F,F,F,F
25524,45.9486,CARD,M,NO,25900,36,F,F,F,T,T,T,F,F,F,F,F
45992,13.6452,CASH,F,YES,16500,49,F,F,F,F,F,F,F,F,F,F,F
47341,31.9765,CARD,M,NO,20300,16,T,F,F,F,F,T,F,F,F,T,T
67799,16.9724,CARD,F,NO,21300,16,T,F,F,F,F,T,F,F,F,T,T
47136,22.032,CASH,F,NO,24400,43,F,F,F,F,F,F,F,F,F,T,F
17375,12.7641,CHEQUE,M,YES,21800,22,F,F,F,F,T,F,F,F,F,F,F
40789,11.186,CASH,F,NO,12800,16,T,F,T,F,F,F,F,F,F,T,T
27673,37.5651,CASH,F,YES,29000,36,F,F,T,F,F,T,T,T,F,F,T
45375,39.4947,CARD,M,NO,25100,50,F,F,F,F,T,T,F,F,F,F,F
58341,32.8363,CASH,F,YES,12900,38,F,F,F,T,T,F,F,F,F,F,F
37523,27.6713,CARD,F,NO,25200,16,T,T,T,T,F,F,F,T,T,T,F
84042,18.1849,CASH,M,NO,14200,27,F,T,F,T,T,T,T,F,F,F,F
64561,23.6794,CASH,F,YES,28200,33,F,F,F,F,T,F,F,F,T,F,F
71078,10.8529,CARD,M,YES,23800,31,F,F,F,F,F,F,F,F,F,F,F
43044,29.8836,CASH,M,YES,21700,32,T,T,F,F,F,F,F,F,T,F,F
32369,21.9204,CHEQUE,M,YES,23500,21,F,F,F,T,F,F,F,F,F,F,T
31552,36.2776,CARD,M,YES,23700,17,T,F,T,F,F,F,F,F,F,F,T
41805,48.5787,CASH,M,NO,16300,25,F,F,F,T,F,T,T,F,F,T,T
46686,29.5925,CHEQUE,F,NO,17500,34,F,F,T,F,F,F,F,F,F,F,F
95896,37.2821,CARD,M,YES,29100,21,F,F,F,F,F,F,F,T,F,F,F
63829,29.8575,CARD,F,NO,13100,45,F,F,F,F,F,F,T,F,F,F,T
84180,10.4233,CHEQUE,M,YES,12800,47,F,F,F,T,F,T,T,F,F,F,F
91972,49.1579,CARD,F,NO,26700,18,T,F,F,F,F,T,F,T,F,T,T
40542,44.2289,CARD,F,NO,16300,42,F,F,F,F,F,F,F,F,F,F,F
44452,12.6097,CARD,F,NO,11900,30,T,F,F,F,T,F,T,F,F,F,F
87151,44.1181,CHEQUE,F,NO,21400,30,F,F,T,F,T,T,F,T,F,T,T
23501,10.225,CASH,M,YES,23000,49,F,F,F,F,F,F,F,T,T,T,T
25387,11.4154,CARD,F,YES,14900,36,F,F,F,F,F,F,F,F,F,F,F
96584,17.3355,CASH,M,YES,26600,39,T,F,F,F,F,F,F,F,T,F,F
15306,22.3248,CASH,M,NO,16500,41,F,F,F,T,T,T,T,F,F,F,F
93920,22.5392,CARD,M,YES,16100,18,F,T,F,T,F,T,T,T,F,F,F
103316,29.3125,CASH,M,YES,17900,46,F,T,F,F,F,F,F,F,F,F,T
17110,12.7214,CASH,M,YES,14700,45,F,F,F,T,T,T,T,F,F,F,F
71652,34.0689,CARD,M,YES,13300,29,F,F,T,T,F,T,T,F,F,F,F
67211,16.8537,CARD,F,NO,23600,43,F,F,F,F,F,F,F,F,F,F,F
88886,18.932,CARD,M,YES,15300,25,F,F,F,T,F,F,F,F,F,F,F
29224,40.9484,CARD,F,NO,24900,16,T,F,F,F,T,F,T,T,F,T,T
46005,30.8594,CARD,M,NO,26200,32,F,F,F,F,F,F,F,F,F,F,F
43111,43.4371,CASH,F,YES,11400,27,F,F,T,T,F,F,F,F,T,F,F
18126,34.7134,CARD,F,NO,14200,19,T,F,F,T,F,F,F,T,T,T,F
87101,23.0974,CHEQUE,M,NO,15000,23,T,F,F,F,T,T,F,F,F,T,T
102934,37.7352,CHEQUE,F,NO,29400,45,T,F,F,F,F,F,F,T,F,F,T
100328,30.4099,CHEQUE,M,YES,10700,36,F,T,F,T,F,T,T,F,F,T,F
94108,21.3634,CASH,M,NO,18500,42,F,F,T,F,F,F,F,T,T,F,F
47913,49.0675,CHEQUE,F,NO,28900,25,F,F,T,F,F,F,F,T,F,F,T
17809,39.6015,CARD,M,YES,27100,20,F,F,F,F,F,F,F,F,F,F,T
45019,47.2341,CARD,M,NO,19800,48,F,T,F,F,F,F,F,F,F,F,F
55552,41.6462,CARD,M,YES,19800,50,T,F,F,F,F,F,F,F,F,T,F
92883,18.8207,CARD,F,NO,24500,27,T,F,F,F,F,F,F,F,F,F,F
89649,26.9621,CHEQUE,F,NO,28200,24,T,F,F,F,F,F,F,F,F,T,T
38063,36.0742,CASH,F,NO,29400,16,T,F,F,F,F,F,F,T,F,T,T
11230,46.279,CASH,M,NO,24400,42,F,F,T,F,F,F,F,F,F,T,T
89302,20.4889,CARD,F,YES,12000,39,F,F,F,F,F,F,F,F,F,T,F
35707,16.5348,CASH,M,NO,25300,42,F,F,F,F,F,F,F,F,T,T,F
90264,10.4971,CARD,M,NO,24300,18,T,F,F,F,F,F,F,F,F,T,F
79875,10.0844,CHEQUE,F,NO,19800,39,F,T,F,F,F,F,F,F,F,F,F
74463,16.7073,CARD,F,YES,25400,36,F,F,F,T,F,T,F,F,T,F,F
56258,21.5804,CARD,F,NO,14500,48,T,F,F,F,F,F,F,T,T,F,F
81836,32.9521,CHEQUE,M,NO,11800,48,F,F,F,F,F,T,F,F,T,T,F
95026,13.4226,CASH,F,YES,13400,29,F,F,T,F,F,F,F,F,F,T,T
87482,40.101,CARD,F,YES,14200,38,T,F,F,F,T,T,F,T,F,F,F
20556,20.4104,CARD,M,NO,13900,18,T,F,F,F,F,F,T,F,F,T,F
68058,49.8863,CASH,F,NO,29000,22,T,F,T,F,F,F,F,T,F,T,T
23845,12.4227,CARD,F,YES,15400,47,F,F,T,F,F,F,T,F,F,F,F
39952,35.3369,CARD,M,NO,15900,37,F,F,F,T,F,T,T,F,T,F,F
33172,31.065,CARD,M,YES,19700,48,F,T,F,F,F,F,F,F,F,F,T
71254,17.1837,CHEQUE,F,YES,29400,45,F,T,F,F,F,T,F,F,F,F,F
36190,28.4132,CHEQUE,M,YES,15500,18,F,F,F,T,F,T,T,F,T,F,F
15099,11.2731,CARD,M,NO,15700,16,T,F,F,T,F,T,T,F,F,T,F
100256,11.9099,CHEQUE,M,NO,12800,33,F,F,F,T,F,T,T,T,F,F,F
51384,14.8697,CASH,F,NO,11200,47,F,F,F,F,F,F,F,F,F,T,F
54190,36.4736,CASH,F,YES,19300,24,F,F,F,F,F,F,F,F,F,F,F
84756,29.1981,CARD,M,YES,28300,32,F,F,F,F,F,F,F,F,F,T,T
28755,43.9948,CHEQUE,F,YES,11000,25,F,F,F,F,F,F,F,F,F,T,T
73480,13.9759,CHEQUE,M,NO,13500,41,F,F,F,T,F,T,T,F,F,F,T
86217,19.5378,CARD,M,YES,14300,43,F,F,F,T,F,T,T,F,F,F,F
91055,24.7818,CARD,F,YES,15200,23,F,F,T,F,F,F,F,F,T,F,F
80297,37.2746,CHEQUE,F,NO,19500,21,T,F,F,F,F,F,F,F,F,T,F
42381,46.0621,CASH,M,NO,13100,31,F,F,F,T,T,T,T,T,F,T,F
80954,13.9726,CASH,M,NO,14800,45,F,F,T,T,F,T,T,F,F,F,F
106531,11.6576,CASH,M,NO,24500,19,T,F,F,F,F,T,F,F,F,T,F
78030,34.6469,CARD,F,NO,22100,38,F,F,F,F,T,F,F,T,F,F,T
103139,18.7964,CASH,F,YES,24400,20,F,T,F,T,F,F,F,T,F,F,F
17939,15.8755,CASH,F,NO,16900,46,F,F,F,F,F,T,F,F,F,F,F
42056,44.8521,CARD,F,YES,13900,30,F,F,F,F,F,F,F,T,F,T,F
23419,15.6201,CASH,F,NO,21000,24,F,F,F,T,T,F,F,T,T,F,F
48783,24.61,CARD,M,NO,16500,50,T,F,F,T,F,T,T,F,F,F,F
98204,18.4421,CHEQUE,M,YES,12700,18,F,F,T,T,F,T,T,F,F,F,F
67063,40.0147,CARD,F,YES,23300,46,F,T,F,F,F,F,F,T,T,T,T
77335,47.8128,CASH,F,NO,29800,40,F,F,F,F,F,F,F,T,T,F,T
32594,20.9057,CARD,F,YES,26200,16,F,F,F,F,F,F,F,F,F,F,F
24493,20.8675,CARD,M,YES,28600,45,T,T,F,F,F,F,F,F,F,T,F
72248,10.8367,CASH,M,YES,17400,28,F,F,F,F,F,F,F,F,F,F,F
79039,12.4456,CARD,M,NO,25400,46,F,F,T,F,F,F,F,F,F,F,F
58803,11.2921,CHEQUE,M,NO,13500,39,F,T,F,T,F,T,T,F,F,F,T
87066,10.8645,CARD,M,YES,25400,23,F,F,T,F,F,F,F,F,F,T,F
60159,43.2178,CARD,M,NO,11600,47,F,F,F,T,F,T,T,F,F,F,F
15629,17.004,CASH,F,YES,27700,37,F,F,F,F,F,T,F,F,F,T,F
38608,42.7334,CARD,M,YES,24400,21,F,T,F,F,F,F,T,F,F,F,F
18143,43.5884,CASH,F,YES,15900,36,T,F,F,F,T,T,F,F,F,F,F
22316,29.7579,CASH,F,YES,18000,20,F,F,F,T,T,F,F,T,T,F,F
40743,25.3732,CARD,M,YES,19200,24,F,F,T,F,F,F,F,F,F,F,F
79305,18.6381,CHEQUE,F,NO,22200,31,F,F,F,F,T,F,F,T,F,F,F
83439,33.4975,CARD,F,YES,24300,43,F,F,F,F,T,F,F,T,F,T,T
16342,46.3814,CARD,M,NO,22700,29,F,F,F,F,F,F,F,F,F,F,F
75971,16.0295,CARD,M,YES,19800,44,T,F,T,F,F,F,F,F,F,F,F
31046,16.5846,CASH,F,YES,19700,25,T,F,F,T,T,T,T,F,F,T,F
13722,36.2168,CARD,M,NO,18100,19,T,T,T,F,F,F,T,F,F,T,F
93467,11.6818,CARD,F,NO,25200,27,F,F,F,F,F,F,F,F,F,F,F
40208,23.167,CASH,F,NO,28900,40,T,T,F,F,T,T,F,F,F,F,F
41132,18.4412,CHEQUE,F,NO,19900,42,F,F,F,T,F,F,F,F,F,F,T
64596,42.1336,CASH,M,YES,24500,28,F,T,T,F,F,F,T,F,F,T,F
46539,38.3992,CHEQUE,M,NO,20400,23,T,F,T,F,T,F,F,F,F,T,F
40690,28.6205,CASH,M,NO,24800,45,F,F,F,T,F,T,F,F,T,F,F
51916,24.7427,CASH,F,NO,14000,23,F,F,T,F,T,F,T,F,T,F,F
21814,22.3741,CARD,M,NO,12200,23,F,F,F,T,T,T,T,F,F,F,F
31011,39.5627,CARD,M,NO,27100,16,T,F,F,T,F,T,T,T,F,T,F
24210,30.4335,CARD,F,YES,18300,50,F,F,F,T,F,T,F,F,F,F,F
10902,26.7182,CARD,M,NO,25300,47,T,F,F,F,F,F,F,T,F,F,F
106649,25.8123,CARD,F,NO,13700,22,T,F,F,F,F,F,T,F,F,T,F
31033,41.5652,CARD,M,NO,17800,47,F,F,T,F,F,F,F,T,F,F,T
68006,11.4931,CARD,M,YES,27800,19,F,T,F,F,F,F,F,F,F,F,F
47638,25.666,CASH,M,YES,10200,41,F,F,F,T,F,T,T,F,F,F,F
18953,24.2569,CARD,F,NO,11000,17,T,F,F,F,T,F,F,F,F,T,T
21347,43.007,CHEQUE,F,YES,15900,24,F,F,F,F,T,T,F,F,F,F,T
38600,47.476,CARD,M,NO,22500,48,F,F,F,F,F,F,F,T,F,F,T
104830,21.4266,CASH,F,NO,13400,28,F,T,F,F,F,F,F,F,F,T,F
56452,20.8234,CHEQUE,M,NO,25700,48,T,T,F,F,T,F,F,F,F,F,T
18030,12.9942,CARD,F,YES,28400,29,T,F,F,F,T,F,F,F,F,F,F
72901,23.9797,CHEQUE,F,NO,13200,39,F,F,F,F,F,F,T,F,F,F,F
104554,19.0629,CASH,M,NO,10900,21,T,F,F,T,F,T,T,F,F,T,F
93162,46.8411,CARD,M,NO,20500,25,F,F,F,F,F,F,F,F,T,T,T
54313,30.6545,CASH,M,NO,27600,22,T,F,F,F,F,F,F,F,T,T,T
89485,18.3222,CASH,M,YES,25300,28,F,F,F,F,T,T,F,F,F,F,F
61309,22.5496,CHEQUE,M,YES,18100,44,F,F,F,F,T,F,F,T,F,F,F
73441,21.3574,CARD,F,NO,12800,20,T,F,F,F,T,F,F,F,F,T,F
10717,47.2705,CARD,M,NO,18900,23,T,T,F,F,F,F,F,F,F,T,F
27694,24.8952,CARD,M,YES,14700,41,F,F,T,T,T,T,T,F,T,F,F
69380,34.0379,CHEQUE,F,NO,21600,40,F,F,F,F,F,F,F,T,F,F,T
26885,33.1864,CASH,M,YES,13200,28,F,F,T,T,F,T,T,F,F,F,F
90730,29.5005,CASH,M,NO,14600,36,F,F,F,T,F,T,T,F,T,F,F
69110,11.8488,CASH,M,NO,14800,16,T,F,F,T,T,T,T,T,F,T,T
86612,29.7839,CARD,M,YES,24900,27,F,T,F,F,F,F,F,F,F,F,F
93353,36.8045,CARD,F,NO,22500,40,F,F,T,T,T,F,F,T,F,F,T
25311,47.5451,CARD,M,YES,29400,24,T,T,F,F,F,F,F,T,F,F,F
81487,20.0766,CHEQUE,M,NO,18500,25,F,F,T,F,F,T,T,F,F,F,F
18331,47.898,CARD,F,YES,27400,20,T,F,F,F,F,T,F,T,F,F,T
84148,49.1791,CHEQUE,F,NO,20900,22,T,F,F,F,F,F,T,T,F,T,T
83500,49.2505,CARD,M,YES,28300,21,F,F,F,T,T,F,F,F,F,T,T
29316,34.5206,CARD,M,NO,10800,39,F,F,F,T,F,T,T,F,T,F,F
82173,15.7511,CASH,F,NO,27800,22,T,F,F,F,T,F,T,F,F,T,F
62264,43.3344,CARD,M,YES,18200,26,F,F,F,F,F,F,F,F,F,F,T
14875,18.5153,CHEQUE,M,YES,29700,36,F,T,F,F,F,F,T,T,F,F,F
73594,13.0883,CHEQUE,F,NO,12100,41,F,F,T,F,F,F,F,F,F,F,F
79384,22.4563,CARD,F,NO,12600,45,F,F,F,F,F,F,F,F,F,T,F
63138,16.9606,CHEQUE,M,NO,17100,22,T,F,F,F,F,T,F,F,F,T,F
58144,28.8307,CARD,F,NO,29100,38,F,F,F,F,T,T,F,F,F,F,F
103446,25.3568,CARD,M,YES,17100,23,F,F,T,F,T,F,F,F,F,F,F
28994,11.2168,CASH,F,NO,18500,18,T,F,F,F,T,F,F,F,F,T,F
72298,41.0628,CASH,M,YES,17600,25,F,F,F,F,F,F,T,F,F,F,F
69884,18.91,CASH,M,YES,21800,30,F,F,F,F,F,F,F,F,T,F,T
68119,15.1803,CHEQUE,F,YES,12900,25,F,F,F,F,T,F,F,F,T,F,T
14692,40.8875,CARD,F,YES,14400,19,F,F,F,T,F,F,F,T,F,F,F
52530,28.0822,CASH,F,NO,18400,35,F,F,F,F,F,F,F,F,T,F,F
28803,41.9003,CHEQUE,M,YES,13200,38,F,F,F,T,F,T,T,F,F,T,F
86983,43.3446,CARD,F,NO,20200,17,T,T,F,F,T,F,F,T,F,T,T
72454,44.1263,CASH,F,YES,25900,27,F,F,F,F,F,F,T,T,F,F,T
50551,27.6473,CARD,F,NO,13500,27,T,F,T,T,F,T,F,F,T,F,F
92868,48.3546,CHEQUE,M,NO,25000,40,F,F,F,T,F,T,F,T,F,F,F
20991,37.5076,CARD,M,YES,10500,25,F,F,F,T,F,T,T,F,F,F,F
98352,46.0629,CARD,F,NO,13300,36,F,F,F,F,T,T,F,F,F,T,F
30239,42.3719,CARD,M,YES,16100,17,T,F,T,F,F,F,F,F,T,F,F
15882,20.7035,CASH,M,YES,14700,20,F,F,F,T,F,T,T,F,F,F,F
30989,25.9133,CARD,F,NO,19900,50,F,F,F,F,F,F,F,F,F,F,T
107499,12.3961,CASH,F,YES,24800,28,F,F,F,F,F,F,F,T,T,F,F
70336,45.3326,CASH,F,YES,12200,20,T,F,T,F,F,F,F,F,F,F,F
47598,42.9427,CARD,F,YES,23900,40,T,F,F,F,F,F,T,T,F,F,T
17590,30.1201,CARD,M,YES,17200,49,F,F,F,F,F,F,F,F,F,F,F
20260,13.1243,CHEQUE,M,YES,21300,21,F,F,F,T,F,F,F,F,F,F,T
50531,37.4002,CARD,F,YES,10700,36,T,T,T,F,F,F,F,F,F,F,F
42653,14.0502,CARD,M,YES,25300,49,F,F,F,F,F,F,F,F,T,F,F
94685,31.7561,CARD,M,YES,25600,29,F,T,T,F,F,F,F,F,F,F,F
11818,31.9051,CARD,F,YES,29200,48,F,T,F,F,F,F,F,F,F,F,F
25668,21.9571,CHEQUE,F,YES,13500,19,F,F,F,F,F,F,F,T,F,F,T
53959,40.8684,CASH,F,YES,16800,27,F,T,T,F,F,F,T,F,T,F,T
55992,17.2856,CASH,M,YES,25700,30,F,F,F,F,T,F,F,F,T,T,F
85081,38.2586,CARD,F,YES,20900,29,T,F,F,F,F,F,T,T,F,F,T
104800,13.2577,CARD,M,NO,26800,29,F,F,F,F,F,F,T,F,F,F,F
92125,15.7945,CARD,F,NO,22800,17,F,F,F,T,F,F,F,F,F,F,F
107314,42.9349,CASH,M,NO,15900,26,F,F,F,T,F,T,T,T,F,F,F
29192,21.2654,CASH,M,NO,21500,29,F,T,F,F,F,F,F,F,F,F,T
90933,26.2117,CARD,M,YES,29900,31,F,F,F,F,F,F,F,F,F,F,F
48749,18.471,CARD,F,YES,21100,30,F,F,F,F,F,F,F,F,F,T,F
49658,17.2076,CARD,M,YES,17600,40,F,T,F,T,F,F,F,F,T,F,T
20521,46.3,CASH,M,NO,28200,44,T,F,F,T,F,F,F,T,F,F,F
75663,20.8372,CARD,F,YES,23400,29,F,T,F,F,T,F,F,F,F,F,F
65425,23.0249,CARD,F,YES,14300,25,F,F,T,F,F,F,T,F,F,F,F
67133,36.6913,CHEQUE,M,NO,11800,39,F,F,F,T,F,T,F,T,F,F,T
62455,35.2522,CARD,F,YES,16800,43,F,F,F,F,F,F,F,F,F,T,F
100255,22.6799,CHEQUE,M,NO,23100,30,F,F,F,F,F,F,F,T,F,F,F
15590,44.0704,CASH,M,NO,20800,41,T,F,F,T,F,F,F,F,F,T,F
46278,34.0079,CARD,M,NO,23400,40,T,T,F,T,F,F,T,F,F,F,F
12582,25.6014,CASH,M,NO,19600,23,T,T,F,F,F,F,T,T,F,T,F
38723,17.159,CHEQUE,F,NO,28400,16,T,F,F,F,F,F,T,F,T,T,F
47251,46.4065,CARD,F,YES,29100,43,T,T,F,T,F,F,F,T,T,T,T
109798,15.133,CASH,M,YES,17300,33,F,F,F,F,F,T,F,F,F,F,F
59349,28.4931,CARD,M,YES,16200,18,T,F,F,T,F,T,T,F,T,F,F
17830,28.0198,CARD,F,NO,15100,47,T,F,F,F,T,F,T,F,F,T,F
69401,36.754,CASH,F,NO,22700,25,T,F,F,F,T,F,F,T,F,F,T
103708,26.061,CASH,F,YES,28000,29,F,F,F,F,F,F,F,T,F,T,F
27664,35.6361,CASH,F,YES,19500,26,T,F,T,F,T,T,F,F,T,T,F
102206,27.6682,CARD,F,NO,21700,41,T,F,F,T,F,F,F,F,F,F,F
51732,41.0697,CASH,M,YES,15300,33,F,T,F,T,F,T,T,F,F,F,F
28630,30.4989,CHEQUE,F,NO,15100,39,F,F,F,F,T,F,F,F,F,T,F
36857,46.1326,CASH,M,YES,19100,49,F,T,F,F,F,F,F,F,F,F,F
82419,19.7255,CHEQUE,F,YES,26200,31,F,T,F,T,F,F,T,F,F,F,F
103385,22.8296,CASH,M,NO,12500,16,T,T,F,T,F,T,T,F,F,T,F
87793,46.8845,CASH,F,NO,21700,40,F,F,F,F,F,T,F,T,F,T,T
94341,22.4622,CARD,M,NO,16300,17,F,F,F,T,F,T,T,T,F,F,F
19078,38.852,CASH,M,YES,20300,28,T,F,F,F,F,F,F,F,F,F,T
109376,43.1101,CASH,M,YES,16400,21,F,F,F,F,F,F,F,T,F,F,F
58235,48.1146,CASH,F,NO,23400,45,F,F,F,T,F,F,F,T,F,F,T
33233,24.774,CARD,M,YES,27200,28,F,T,F,F,F,F,F,T,F,F,F
83883,23.034,CARD,F,YES,17800,47,F,F,F,F,F,F,F,T,F,F,T
69718,43.3975,CARD,F,YES,29400,29,F,F,F,F,F,F,F,T,T,F,T
105829,27.0835,CHEQUE,F,YES,10900,23,F,T,F,F,F,T,F,F,F,F,F
39221,35.3104,CARD,M,NO,23100,43,F,T,F,F,T,F,F,F,F,F,F
98809,45.5905,CARD,F,NO,20700,19,T,F,F,F,F,T,T,T,F,T,T
14759,14.8671,CARD,M,YES,26600,24,F,F,T,T,F,F,F,F,T,F,F
40659,27.48,CARD,M,YES,15000,39,F,F,F,T,F,T,T,F,F,F,F
95915,17.3132,CASH,M,NO,11800,35,F,F,F,T,T,T,T,F,F,F,F
47421,28.7408,CASH,M,YES,17400,49,F,F,F,F,F,F,F,F,F,F,F
105601,40.7653,CARD,M,YES,16100,42,F,F,F,T,T,T,T,F,F,F,F
89209,24.1621,CHEQUE,M,YES,25400,19,F,F,F,F,F,F,F,T,F,F,F
69754,44.0797,CASH,M,YES,25900,24,F,F,T,F,F,F,F,F,T,F,F
17133,21.3284,CARD,M,YES,21700,22,T,F,F,F,F,T,F,T,T,F,F
11119,29.4205,CHEQUE,F,YES,12000,27,F,F,F,F,F,F,F,F,T,T,T
57615,46.7916,CARD,M,YES,19700,41,T,F,F,F,T,F,F,F,F,F,T
61270,31.9036,CARD,M,NO,28500,49,F,F,F,F,F,F,F,T,F,F,F
11220,23.6325,CARD,M,YES,11400,27,F,F,F,T,F,T,T,F,F,F,T
47645,35.6412,CASH,F,NO,13000,35,F,F,F,F,F,F,F,F,F,F,F
32444,24.2582,CASH,F,NO,28200,17,T,F,T,F,F,F,F,F,F,T,F
93037,19.1763,CASH,F,NO,29500,41,F,F,F,T,F,F,F,T,F,T,F
34809,32.7941,CASH,F,NO,11300,38,F,F,F,F,T,F,F,F,F,F,F
57582,24.6694,CASH,M,YES,29900,39,F,F,T,F,T,F,F,F,F,F,F
59184,12.4807,CASH,F,NO,14900,36,F,T,F,F,F,F,F,F,F,F,F
27682,18.2962,CHEQUE,F,YES,15500,47,F,F,F,F,F,F,T,F,F,T,T
56851,21.6406,CARD,M,NO,13400,29,F,F,F,T,F,T,T,F,F,F,F
12312,19.2175,CARD,F,YES,25600,34,F,T,F,F,F,T,F,F,T,F,F
53953,26.9729,CARD,F,NO,11100,48,T,T,F,F,F,F,F,F,T,F,F
81616,43.8689,CARD,F,YES,12700,21,T,F,F,T,T,F,F,F,F,F,T
37366,43.2528,CASH,M,NO,18800,19,T,F,T,F,T,F,F,F,F,T,F
97512,17.4561,CHEQUE,F,NO,12800,32,F,T,F,F,F,F,F,F,T,F,F
49769,20.058,CARD,M,YES,26300,19,F,T,F,F,F,F,F,F,F,F,F
47307,29.8812,CARD,F,NO,11400,45,F,F,F,F,F,F,F,F,F,F,F
25180,11.5295,CHEQUE,M,YES,29000,38,F,F,F,F,F,F,F,F,F,F,F
98023,26.3646,CARD,F,YES,20200,20,F,F,F,F,F,T,F,F,F,T,F
32669,49.8042,CASH,M,YES,15600,46,T,F,F,F,F,T,F,F,F,F,F
61255,49.5666,CASH,F,NO,28300,31,F,F,T,F,F,F,F,T,T,F,T
101414,26.828,CARD,F,NO,19000,38,F,F,F,F,F,F,F,T,F,F,F
24686,38.2775,CARD,F,NO,27800,28,F,F,T,F,F,F,T,T,F,T,T
37114,48.0396,CASH,M,NO,16200,37,F,F,F,T,F,T,T,F,F,T,T
94790,39.7012,CARD,M,NO,19800,31,F,F,F,F,T,F,F,F,F,T,F
105007,44.6825,CARD,F,NO,28300,45,F,F,T,F,F,F,F,T,F,F,T
38645,47.2099,CASH,F,YES,21900,20,T,F,F,F,T,F,T,T,F,T,T
37567,41.7778,CARD,M,NO,26400,46,F,T,T,F,F,T,F,F,F,F,F
62993,36.0895,CARD,F,YES,27800,45,F,F,T,F,F,F,F,F,F,F,F
12547,32.3073,CARD,M,YES,16800,35,F,F,F,T,T,T,T,F,F,F,F
106654,47.9564,CHEQUE,M,YES,19000,44,F,F,F,F,F,T,F,F,T,F,F
59389,39.5687,CARD,F,NO,14500,29,F,F,F,T,F,F,F,F,F,F,F
104327,26.223,CHEQUE,F,NO,28000,45,F,F,F,T,F,F,F,T,F,F,F
87250,39.0228,CARD,F,YES,11700,43,F,T,F,F,F,F,F,F,F,F,F
27371,38.7433,CHEQUE,F,NO,26400,25,F,F,F,F,F,T,F,F,F,T,F
91545,12.3519,CARD,M,YES,22800,45,F,F,T,F,F,F,F,F,F,F,F
71276,36.3388,CARD,F,NO,10300,45,F,F,F,T,F,T,T,F,F,F,F
109551,40.6114,CASH,M,YES,23500,35,F,F,F,F,F,F,T,T,F,F,F
50961,24.0284,CASH,F,YES,16600,16,F,F,F,F,F,F,T,F,F,F,F
72979,21.3607,CHEQUE,M,YES,23200,18,F,F,F,F,F,T,F,F,T,F,T
50104,25.603,CASH,M,NO,13800,23,T,F,F,F,F,F,T,F,F,T,F
13893,24.8043,CARD,F,YES,17200,19,F,T,F,T,T,T,F,F,F,T,F
12800,25.7388,CARD,F,YES,23000,49,T,F,F,F,F,F,F,F,F,F,F
89460,33.4191,CASH,M,YES,15300,16,T,F,F,T,F,T,T,F,F,F,T
63779,45.9019,CHEQUE,F,NO,11300,48,F,F,F,F,F,F,F,F,T,F,F
29483,29.1147,CHEQUE,M,YES,25400,16,T,F,F,F,F,F,F,F,F,F,F
83127,41.2905,CHEQUE,M,NO,21100,21,T,F,F,F,F,F,F,F,F,T,F
96371,40.2238,CASH,M,YES,21100,37,F,F,T,F,F,F,F,F,F,F,F
66886,10.6842,CASH,M,YES,25100,41,T,F,T,F,T,F,F,F,F,F,F
66940,43.9612,CARD,F,NO,22100,35,F,F,F,F,F,F,F,T,T,T,T
36191,46.4275,CHEQUE,F,NO,11400,24,T,F,T,F,F,T,T,F,F,T,F
29625,18.3863,CASH,M,YES,20300,43,F,F,F,F,F,F,F,F,F,F,F
93393,35.4566,CASH,M,NO,27100,37,T,T,F,F,F,F,T,F,F,F,F
60890,44.6318,CARD,M,NO,15800,28,F,T,F,T,F,T,T,F,T,T,T
18464,20.9389,CARD,M,YES,24300,22,F,F,F,T,F,F,F,F,F,F,F
75130,39.1493,CHEQUE,F,YES,10500,33,T,F,F,F,F,F,T,F,F,F,F
64281,17.718,CARD,M,NO,11000,47,T,F,T,T,F,T,T,T,F,T,F
84937,24.8076,CHEQUE,F,NO,25500,43,T,F,F,F,F,F,T,F,F,F,F
58388,18.7703,CHEQUE,M,NO,23800,39,F,F,F,F,T,F,T,F,T,F,F
106314,24.1036,CASH,F,NO,10800,37,F,F,F,T,T,F,F,F,F,F,F
34529,43.1953,CARD,F,NO,19800,18,T,F,F,F,T,F,F,F,F,T,T
56220,12.6155,CARD,F,YES,12500,28,F,T,F,F,T,F,F,F,F,F,F
49085,26.1937,CARD,M,NO,29400,25,F,F,F,F,F,F,F,T,F,T,T
84497,38.2919,CARD,F,YES,23000,31,F,F,F,F,T,F,F,T,F,F,T
90165,10.855,CHEQUE,F,YES,10700,24,F,F,F,T,F,F,F,F,F,F,F
98626,27.505,CHEQUE,F,YES,24800,42,F,F,T,T,F,F,F,F,F,T,T
96289,16.1359,CARD,M,NO,13900,47,T,F,F,T,F,T,T,F,F,F,F
78598,48.6573,CASH,M,NO,28100,30,F,F,F,F,F,F,F,T,F,F,T
37571,18.0642,CASH,M,NO,20700,38,F,T,F,T,F,F,F,T,T,F,F
42689,12.2038,CARD,F,NO,20000,40,T,F,F,F,F,F,F,F,F,F,T
102421,19.2276,CASH,M,YES,14700,25,F,F,F,F,T,F,F,F,T,T,F
75792,31.2017,CASH,M,NO,27000,50,F,F,F,F,F,F,F,T,F,F,F
71604,18.1721,CARD,M,YES,25600,49,F,F,T,F,F,F,T,F,F,T,F
102348,14.9206,CARD,M,YES,24300,36,F,F,F,F,F,F,F,F,F,F,F
28233,40.8109,CASH,F,YES,29900,50,T,F,F,F,F,F,T,T,F,T,T
72902,46.5449,CASH,F,YES,25300,16,F,F,T,F,F,F,F,T,T,F,T
102703,40.0432,CARD,M,YES,30000,32,T,T,F,F,T,F,F,F,T,F,F
50645,31.6988,CHEQUE,F,YES,30000,45,F,T,F,F,F,T,F,F,F,F,F
40282,33.5207,CASH,F,YES,20500,42,F,F,T,F,F,T,F,T,F,F,T
94015,48.1999,CHEQUE,F,NO,20500,24,T,F,F,F,F,F,F,T,F,T,T
98696,31.1958,CASH,M,YES,13800,39,F,F,F,F,F,F,F,T,F,F,T
43401,29.4406,CASH,M,NO,11600,24,T,F,F,T,F,T,T,F,F,T,F
106585,23.6473,CASH,M,NO,21000,50,F,F,F,T,T,F,T,F,F,F,F
106792,37.477,CASH,M,NO,18800,45,F,F,F,F,F,F,F,F,F,F,F
34702,26.3763,CARD,M,YES,29100,25,T,F,F,F,F,F,F,F,F,T,F
19999,17.1606,CARD,F,NO,23600,44,T,F,F,T,F,T,F,F,F,T,F
76145,27.5548,CARD,F,NO,29800,27,F,T,F,F,T,F,F,F,F,F,F
84033,43.42,CASH,F,YES,16600,31,F,T,F,T,F,F,F,T,F,F,F
50142,17.7878,CARD,M,YES,24500,23,F,F,F,F,F,F,F,T,F,F,F
96474,44.5139,CHEQUE,F,YES,24900,40,F,F,F,F,F,F,F,F,F,F,F
101699,15.1186,CARD,M,YES,27800,35,F,F,T,F,T,T,F,F,F,F,F
23380,36.4903,CHEQUE,M,NO,23200,43,F,F,F,F,F,F,F,F,F,T,F
63368,42.4066,CARD,M,NO,13000,38,T,F,F,T,F,T,T,F,F,F,F
32392,16.1584,CARD,M,NO,27600,22,T,F,F,F,F,F,F,F,F,T,F
79577,41.2514,CARD,F,YES,22600,38,F,T,F,F,F,F,F,T,F,F,F
30558,16.5851,CARD,F,YES,23800,34,F,F,F,F,F,F,F,F,F,T,F
103166,25.5922,CASH,F,NO,25900,33,F,T,T,F,F,F,F,T,F,F,F
64053,31.1795,CHEQUE,F,NO,27200,36,F,F,F,F,F,F,F,T,F,F,F
28081,26.1124,CARD,M,NO,15400,16,T,T,F,F,T,F,T,F,F,T,T
106044,36.1337,CARD,M,NO,14500,29,T,F,F,T,F,T,T,T,F,T,F
11241,33.8901,CHEQUE,M,NO,13500,22,T,T,F,T,F,T,T,F,F,T,F
11966,22.1877,CARD,M,NO,10400,16,T,F,T,F,F,F,F,F,F,T,T
15835,24.3642,CASH,F,YES,17100,41,F,F,F,F,F,F,F,F,F,T,F
107714,22.1969,CARD,F,YES,20200,21,T,T,T,F,T,F,F,F,T,F,F
29095,46.7096,CHEQUE,M,NO,15900,42,F,F,F,T,F,T,T,T,F,F,F
98635,33.9481,CASH,F,YES,26700,22,F,T,F,F,F,F,F,T,F,F,T
20849,44.9825,CASH,F,NO,30000,30,F,F,T,T,F,F,F,T,T,T,T
87703,27.7087,CASH,M,NO,27200,20,T,F,F,F,T,F,F,F,F,T,T
54981,49.2205,CASH,M,YES,24800,17,F,F,F,T,T,F,F,T,F,F,F
51818,16.6528,CARD,M,NO,26300,34,T,F,F,F,F,F,F,F,F,F,F
15650,48.7559,CARD,M,YES,22300,28,F,F,F,F,F,F,F,F,F,T,F
56097,46.7188,CASH,F,YES,23400,25,F,F,F,F,F,F,F,T,F,F,T
54172,10.4023,CHEQUE,F,YES,19800,46,F,T,F,F,F,F,T,F,F,T,F
103749,34.7506,CARD,F,YES,21000,21,F,F,T,F,F,F,F,F,F,T,F
98409,32.6006,CASH,F,NO,24900,35,F,F,F,F,F,F,F,T,F,F,T
57762,26.7967,CASH,M,YES,20700,36,T,F,F,F,T,F,F,F,F,F,F
82901,39.8343,CASH,F,NO,22600,33,F,F,F,F,F,F,F,T,F,F,T
88972,31.8546,CASH,M,NO,19200,22,T,F,F,F,F,F,F,T,F,T,F
73383,13.9755,CARD,M,NO,18000,31,F,F,F,F,T,F,F,F,F,F,F
42163,44.9981,CASH,M,NO,29300,29,T,F,F,F,F,F,F,F,F,F,F
41841,18.2815,CASH,M,NO,21500,40,T,T,T,T,F,F,F,F,T,F,T
39077,20.5746,CARD,M,NO,28200,34,F,T,F,F,T,F,F,F,F,F,F
70014,17.4934,CARD,M,NO,28700,25,F,F,F,T,F,F,F,T,F,F,F
78428,12.3794,CARD,F,YES,13900,38,F,F,F,F,F,T,F,F,T,F,F
23784,25.7551,CASH,F,YES,18500,20,F,F,T,F,F,F,F,F,F,F,F
26291,14.0896,CARD,F,YES,17100,49,F,T,F,F,F,F,F,T,T,F,F
88549,37.5927,CARD,M,NO,22600,20,T,F,F,F,F,T,F,F,T,T,F
90911,30.5207,CASH,F,NO,17100,16,T,T,F,F,F,T,F,F,F,F,F
17470,19.0756,CASH,F,NO,26900,42,F,F,F,F,F,T,T,F,F,T,T
94531,32.7653,CASH,M,YES,27800,41,F,T,F,F,T,T,F,F,F,F,F
90462,10.0726,CASH,M,NO,10300,36,F,T,F,T,F,T,T,T,F,F,F
108003,12.5105,CARD,F,NO,29400,34,F,F,F,T,F,F,F,T,F,T,F
87953,16.2099,CARD,M,YES,22500,22,F,F,F,F,T,T,F,F,F,T,F
36863,39.4701,CARD,F,YES,25500,34,F,F,T,F,F,F,F,T,F,F,T
28138,40.9457,CASH,F,YES,12200,32,F,F,F,F,F,F,F,F,F,T,F
69965,38.7874,CARD,M,NO,22300,21,T,F,T,F,F,F,T,F,F,T,F
100047,24.1955,CHEQUE,F,NO,27000,23,T,F,F,T,F,F,F,F,F,T,F
13325,41.2805,CARD,F,NO,20500,48,F,F,F,F,F,F,F,T,F,T,T
17747,33.8601,CARD,M,YES,19900,37,F,F,F,F,F,F,F,F,F,T,F
61618,34.4744,CHEQUE,F,YES,15600,49,F,F,F,T,F,F,F,F,F,F,T
97148,49.3472,CARD,F,NO,23500,34,F,F,F,T,F,F,T,T,T,F,T
28977,37.2656,CARD,M,NO,11300,33,F,T,F,T,T,T,T,F,T,F,F
37784,49.0631,CARD,M,YES,17400,41,F,F,F,F,T,F,F,F,F,F,F
29107,32.3863,CASH,F,NO,15500,21,F,F,F,F,T,T,F,F,F,F,F
63979,39.1,CARD,M,YES,20400,17,F,F,F,F,T,F,T,F,T,F,F
106290,33.0487,CHEQUE,M,YES,17000,35,F,F,T,F,F,F,F,F,F,F,F
90562,29.0087,CASH,M,YES,24300,24,F,F,F,T,T,F,F,F,F,T,F
99457,38.2007,CARD,F,NO,11700,16,T,T,F,T,F,F,F,F,F,T,F
25097,20.0102,CASH,M,NO,21900,40,F,F,F,T,T,T,F,F,T,F,F
70359,35.1138,CHEQUE,F,YES,14400,46,T,F,F,F,F,F,F,F,F,T,F
87450,48.2053,CARD,F,YES,17900,38,F,F,F,F,F,T,F,F,F,T,F
23682,29.7183,CHEQUE,M,YES,16800,48,F,F,F,T,F,T,T,T,F,F,F
66551,43.8679,CASH,M,NO,22000,30,F,F,T,F,F,F,F,F,F,T,F
49225,13.8218,CARD,F,YES,16300,43,F,F,F,F,F,F,F,F,F,F,F
13518,16.3794,CARD,F,YES,25400,50,F,F,F,F,F,F,F,F,F,F,F
69802,43.5423,CASH,F,YES,11000,33,F,F,F,T,F,F,T,F,F,F,F
77419,29.7398,CARD,M,YES,16700,36,F,F,F,T,F,T,T,F,F,F,T
59590,27.9826,CARD,M,YES,16200,26,F,F,T,T,F,T,T,F,T,F,F
108832,27.8603,CHEQUE,F,NO,15200,37,F,F,F,F,F,F,F,F,F,T,F
60688,37.1075,CASH,M,NO,24400,38,F,F,F,F,F,F,F,F,F,F,F
79001,38.5516,CARD,F,YES,20600,24,F,F,F,F,F,F,F,T,F,T,T
26396,22.7651,CARD,M,YES,27100,47,F,F,F,T,F,F,F,F,F,F,F
91986,35.1619,CASH,F,YES,19800,26,F,T,F,T,F,F,F,F,F,F,F
36040,37.3032,CASH,M,NO,28100,26,F,F,F,F,F,T,F,T,T,F,F
107876,21.8933,CHEQUE,M,NO,17600,44,F,F,F,F,F,F,T,T,F,T,F
71832,35.8777,CARD,F,NO,13300,43,F,F,F,F,T,F,F,F,F,T,F
66618,30.501,CASH,F,NO,15300,50,T,T,F,T,T,F,F,F,F,F,F
52128,13.6852,CARD,M,YES,29000,29,F,F,F,T,F,T,F,F,F,F,F
17201,37.7746,CARD,M,NO,26100,16,T,F,F,T,F,F,F,T,F,T,F
32646,26.531,CHEQUE,M,YES,15100,40,T,F,F,T,F,T,T,F,F,T,T
15109,13.5356,CARD,M,YES,19500,49,F,F,F,F,F,T,F,F,F,F,F
16055,40.5415,CASH,M,YES,29300,38,F,F,F,F,F,F,F,F,F,T,F
61789,14.3525,CASH,M,NO,25100,37,F,F,F,T,F,F,T,F,F,T,F
10236,42.0572,CASH,F,YES,17700,44,F,F,F,F,F,T,T,F,F,F,F
39081,47.5807,CHEQUE,M,YES,10600,18,F,T,T,T,T,T,T,T,T,F,F
60820,32.9802,CASH,F,NO,12300,20,F,F,F,T,F,F,F,F,F,F,F
55625,44.8626,CARD,F,NO,27400,38,T,T,F,F,T,F,F,T,T,F,T
14630,19.5788,CASH,M,NO,15200,31,F,F,F,T,F,T,T,F,F,F,F
89106,46.662,CHEQUE,F,YES,28900,32,F,T,F,F,T,F,F,T,F,F,T
52359,26.2052,CHEQUE,F,NO,10300,16,T,F,F,F,F,T,F,T,F,T,F
85472,14.5031,CARD,F,YES,20800,48,F,F,T,F,F,F,F,F,F,T,T
14368,34.9178,CHEQUE,F,NO,22800,31,F,F,F,F,T,F,F,T,F,F,T
31921,34.4264,CHEQUE,M,YES,11600,32,T,F,F,F,F,F,F,T,F,F,F
10150,41.1354,CARD,F,NO,10700,36,T,F,F,F,F,F,F,F,T,F,F
59352,49.4212,CASH,F,YES,21300,24,F,F,F,F,F,F,F,T,F,T,T
10614,19.0425,CASH,M,NO,25900,25,F,F,F,F,F,F,F,F,T,F,F
58566,37.6643,CASH,M,NO,18700,46,F,T,F,F,F,F,F,F,T,F,F
95655,25.5805,CASH,F,NO,13500,42,F,F,F,T,F,T,F,F,T,T,F
10451,15.0174,CHEQUE,M,NO,12500,19,F,F,F,T,F,T,T,F,F,F,T
28597,19.2051,CARD,M,YES,16400,18,F,F,F,T,T,T,T,F,F,F,F
13903,29.1647,CASH,F,NO,17800,32,T,T,T,T,T,F,F,F,T,F,F
69774,25.4476,CASH,M,YES,15900,45,F,F,F,T,F,T,T,T,T,F,F
33697,21.979,CASH,M,YES,19700,25,F,F,F,F,T,F,F,T,F,F,T
101784,33.0381,CASH,M,NO,20200,39,F,F,F,T,T,F,F,F,F,F,F
60073,11.656,CARD,M,YES,22600,34,F,F,F,F,F,F,F,T,F,T,F
35979,27.747,CARD,M,NO,19000,35,F,F,F,F,F,F,F,F,F,T,F
99046,23.6457,CASH,M,NO,29200,49,F,F,F,F,F,F,T,F,T,F,F
40579,49.542,CASH,F,YES,24600,45,F,F,F,F,F,F,F,T,F,F,T
48893,28.3283,CHEQUE,F,YES,10600,49,F,F,F,F,F,F,F,F,F,F,T
109048,42.5797,CARD,M,NO,24700,49,T,F,F,T,F,F,T,T,F,T,F
25256,39.6933,CARD,M,NO,21600,40,F,T,T,F,F,T,F,F,F,F,T
30504,27.5034,CHEQUE,F,NO,19600,37,F,T,F,F,F,F,F,F,F,T,F
33167,24.2185,CASH,F,NO,28600,21,F,F,F,F,F,T,T,F,F,F,F
43228,40.0922,CASH,M,NO,28600,44,T,F,F,F,F,F,F,F,F,F,F
104011,19.5891,CARD,F,NO,19100,42,F,F,F,F,F,F,F,T,T,F,F
52451,49.056,CHEQUE,M,NO,22800,47,F,T,T,F,F,F,F,T,F,F,F
75274,32.2881,CARD,M,NO,20400,23,T,F,F,T,F,F,F,F,T,T,F
19193,22.3496,CARD,M,NO,28700,21,F,F,F,F,F,F,F,T,T,F,T
32408,38.5706,CASH,F,YES,12400,32,F,F,F,F,F,F,T,F,F,F,F
96333,27.5586,CARD,M,NO,29600,26,F,F,F,T,F,F,F,F,F,F,F
99410,41.1357,CASH,F,NO,13000,40,F,F,T,F,F,F,F,F,F,F,F
58343,13.3662,CARD,M,YES,20700,44,F,F,T,F,F,F,F,F,F,F,T
12938,49.4836,CHEQUE,F,NO,12600,27,F,F,F,T,F,T,F,F,T,F,F
52903,38.6381,CASH,M,YES,24100,32,F,F,F,F,F,F,F,F,F,F,F
20844,24.3927,CASH,F,YES,13600,45,F,F,F,F,T,F,F,F,F,F,F
84605,17.8494,CHEQUE,F,YES,17300,48,T,F,F,F,F,F,F,F,F,F,F
83340,27.1358,CASH,F,YES,12500,44,F,F,F,F,F,F,T,T,T,F,F
34605,45.77,CARD,F,YES,22000,49,F,F,F,T,T,F,F,T,T,F,T
106494,46.5812,CARD,F,YES,18700,44,T,F,F,F,F,F,T,T,F,F,F
99624,20.9334,CHEQUE,F,NO,24400,36,T,F,F,F,F,F,F,T,T,F,F
47923,26.039,CARD,M,YES,24000,38,F,F,T,T,F,F,T,F,T,F,F
71607,23.4978,CASH,F,NO,25300,23,T,F,T,F,F,F,F,F,F,T,T
103485,23.6343,CASH,M,YES,25200,20,F,F,F,F,F,F,T,F,F,F,F
27890,22.2416,CARD,M,YES,23900,26,F,T,F,F,F,T,F,F,F,F,F
81851,13.9837,CARD,F,NO,17600,19,T,F,T,F,F,F,F,F,F,T,T
36364,19.7256,CARD,F,YES,17600,48,F,F,F,F,T,F,F,F,F,T,F
36951,12.9531,CHEQUE,F,YES,11700,32,F,F,F,F,F,F,T,F,F,F,T
106004,31.9126,CASH,M,YES,26200,27,F,F,F,F,F,F,F,T,T,F,F
40949,10.117,CASH,M,YES,16000,39,T,F,T,T,T,T,T,F,F,F,F
35904,38.0608,CHEQUE,F,NO,28400,20,T,F,T,T,F,F,F,T,T,T,T
106489,14.0777,CARD,F,YES,16100,41,F,F,F,F,F,F,F,F,F,F,F
80578,30.6867,CARD,F,YES,10800,40,F,F,F,F,F,F,T,F,F,F,T
109504,32.8441,CARD,M,YES,27400,21,F,T,T,F,F,F,F,F,F,F,T
28528,40.7113,CHEQUE,F,YES,27600,45,F,F,F,F,T,F,F,T,F,F,T
70664,36.8276,CASH,M,NO,22600,47,F,F,F,F,F,F,F,F,F,F,F
65088,11.9406,CHEQUE,M,NO,27000,19,T,T,F,F,F,F,F,F,F,T,T
90147,18.8338,CASH,M,YES,27800,30,F,F,T,F,F,F,F,F,F,F,F
28498,34.2302,CHEQUE,F,NO,12400,38,F,F,F,F,F,F,F,T,F,F,F
79890,37.4335,CHEQUE,F,NO,18100,50,F,F,T,F,F,F,F,F,F,T,F
42927,25.6375,CARD,F,YES,14600,24,F,F,F,F,F,F,F,F,F,F,F
91913,42.8928,CASH,M,NO,13200,45,F,F,F,F,F,F,T,F,T,F,F
32083,11.4418,CHEQUE,M,NO,18800,42,F,T,T,F,T,F,F,F,F,F,F
100918,18.49,CASH,M,YES,13900,27,F,F,F,T,T,T,T,F,F,F,F
89406,13.2185,CASH,F,YES,16500,37,T,F,F,F,F,F,T,F,F,F,F
23037,46.0157,CASH,F,YES,15700,45,T,F,F,T,F,F,F,F,T,F,F
103462,40.3384,CASH,F,YES,24500,26,T,F,F,F,F,F,T,T,F,F,T
89559,24.3813,CHEQUE,F,NO,15400,16,T,T,F,F,T,F,F,F,F,T,F
55629,49.6018,CASH,M,YES,27100,27,F,F,F,F,F,F,F,F,F,T,F
72986,25.9767,CARD,F,YES,22200,36,F,F,F,F,F,F,T,F,F,F,F
19209,46.367,CARD,M,YES,16900,21,T,T,F,T,F,T,T,F,F,F,F
64752,18.8473,CASH,F,NO,14100,38,F,F,T,T,F,F,T,F,F,F,F
35519,30.2371,CARD,M,YES,21400,32,F,F,F,F,F,T,F,F,F,F,F
103168,12.2678,CARD,F,YES,15900,22,T,F,F,T,F,F,T,T,T,F,T
46071,18.1207,CASH,F,NO,25100,32,T,F,F,F,F,F,F,F,T,T,F
109132,30.2881,CASH,F,YES,15100,38,F,T,F,F,F,F,F,F,T,F,F
47343,48.9554,CARD,F,YES,28300,41,F,T,F,F,F,T,F,T,F,F,T
47441,13.5428,CARD,F,YES,21600,36,F,T,F,F,F,T,F,F,F,F,T
93891,36.5954,CARD,F,NO,13900,20,T,F,F,F,F,F,F,F,F,T,F
13747,12.3374,CARD,F,NO,18700,38,F,F,F,F,F,F,T,F,F,F,F
89041,25.085,CHEQUE,M,NO,15900,25,F,F,F,T,F,T,T,F,F,F,F
55295,32.6529,CARD,F,NO,12400,47,T,F,T,F,T,T,F,F,F,F,F
47489,23.0236,CARD,M,YES,18400,41,F,F,F,F,F,F,F,T,F,F,T
59580,40.8781,CASH,M,YES,14200,50,T,F,T,T,F,T,T,F,F,F,F
98836,38.6026,CASH,F,YES,24900,29,F,F,F,T,F,F,F,T,F,T,T
92227,42.5332,CASH,F,NO,22600,29,T,F,F,T,F,F,F,T,F,F,T
34297,14.9744,CARD,F,NO,22600,32,F,F,F,F,F,F,F,F,F,F,F
25774,38.771,CASH,F,YES,26700,48,F,T,F,T,T,F,F,T,T,T,T
101031,47.5206,CARD,M,YES,15100,16,F,F,F,T,F,T,T,F,F,F,F
14890,31.8997,CHEQUE,M,YES,18700,29,F,T,F,F,F,F,F,F,F,F,F
63420,22.7588,CHEQUE,M,NO,19500,21,T,F,T,F,F,T,F,F,F,T,F
103325,46.2279,CARD,F,NO,17100,49,F,F,F,F,F,T,F,F,F,F,F
72849,20.7743,CARD,M,NO,19100,47,T,F,F,F,T,F,T,F,F,F,F
10987,37.7075,CASH,F,YES,29300,21,T,F,T,F,F,F,F,T,F,F,T
31083,45.6146,CASH,F,NO,20700,26,T,T,F,T,F,F,F,T,T,T,T
50258,43.0885,CASH,F,YES,19100,25,F,T,F,F,F,F,F,F,F,F,F
70206,15.322,CHEQUE,M,YES,18000,33,T,F,F,T,F,F,F,F,F,F,F
19519,12.4083,CARD,M,YES,23300,31,F,F,T,F,F,T,T,F,F,F,T
14658,46.8048,CARD,F,YES,24700,36,F,F,F,F,T,F,F,T,F,T,T
85860,30.4116,CASH,F,YES,18400,17,F,T,T,F,T,F,F,F,F,F,T
50087,40.9255,CARD,F,NO,17300,45,F,F,F,F,F,F,F,T,F,F,F
96078,10.4612,CASH,M,NO,16500,37,T,F,F,T,F,T,T,F,F,F,T
82096,44.5391,CASH,M,NO,10500,23,T,F,F,T,F,T,T,F,F,T,T
41996,28.3472,CARD,F,YES,23900,48,F,F,T,F,F,F,F,F,F,F,T
57207,39.1627,CHEQUE,M,YES,29700,48,F,F,T,F,F,F,F,T,F,F,T
105816,22.6473,CARD,F,NO,13900,37,T,F,T,T,F,F,F,F,F,F,F
94231,27.2609,CASH,M,YES,11600,28,F,F,F,F,T,T,F,F,F,F,T
80869,10.0454,CARD,F,YES,29400,29,F,F,F,F,T,F,F,T,F,F,F
51939,43.2419,CARD,M,YES,11500,47,F,F,F,T,F,T,T,T,F,F,F
89484,40.6552,CARD,M,NO,28600,47,F,F,F,T,F,F,T,F,F,F,F
99292,39.899,CARD,F,NO,19800,23,T,T,F,F,F,F,F,F,T,T,F
77232,28.7941,CHEQUE,M,NO,19600,22,T,F,T,F,F,F,F,F,F,T,F
79535,37.048,CARD,F,NO,18400,50,F,F,F,F,T,F,F,F,F,F,F
10944,45.3278,CARD,M,NO,10500,46,F,T,T,T,F,T,T,F,F,F,F
42524,14.2989,CHEQUE,F,NO,25700,22,T,T,T,F,F,F,F,F,T,T,F
90360,15.1372,CASH,F,NO,16000,47,F,F,F,F,T,T,T,F,F,F,F
79446,18.2451,CASH,M,YES,17000,17,F,F,F,F,F,F,F,F,F,F,F
40090,41.4851,CHEQUE,F,YES,13200,25,F,F,F,T,F,T,F,F,F,F,F
83003,49.2498,CHEQUE,F,YES,17100,47,F,F,F,F,F,F,F,F,T,F,F
12694,15.8634,CASH,F,NO,22100,40,T,F,F,F,F,F,F,F,F,F,T
79632,12.5362,CARD,M,NO,13000,43,F,F,F,T,F,T,T,F,F,F,F
95354,35.3973,CHEQUE,M,NO,13300,35,F,T,F,T,T,T,T,F,T,T,F
108596,39.33,CARD,M,NO,27600,44,F,F,F,F,T,F,T,F,F,F,F
44594,46.6746,CASH,F,YES,23400,50,F,F,F,F,F,F,F,T,F,F,T
24534,37.7386,CARD,F,YES,17000,22,T,F,F,F,F,F,F,F,T,F,T
27462,39.7479,CASH,F,YES,22300,39,F,F,F,F,F,F,T,F,T,F,F
108153,20.5804,CASH,F,NO,23500,32,F,F,F,F,F,F,F,F,T,F,T
93974,46.5105,CASH,M,NO,13200,33,F,T,F,T,F,F,F,F,T,F,F
39042,49.8321,CASH,F,NO,24200,46,F,F,F,F,T,F,F,T,F,F,T
108718,15.6206,CASH,M,YES,21600,18,F,F,F,F,F,F,T,F,F,T,F
59071,28.0768,CHEQUE,F,YES,28100,35,F,F,F,F,T,F,T,F,F,T,F
72299,24.0273,CHEQUE,F,YES,25800,24,T,F,F,F,F,F,T,F,T,T,F
103546,45.5893,CARD,M,NO,28500,44,F,F,F,F,F,F,F,F,F,F,F
52011,39.1196,CASH,F,NO,24500,25,F,F,F,F,F,F,T,F,F,F,F
81745,15.9576,CARD,F,YES,12400,49,F,F,T,F,F,F,F,F,T,F,F
70428,23.6085,CARD,F,NO,21600,42,F,F,T,T,F,F,T,T,T,F,F
85182,11.92,CARD,M,NO,27600,22,T,T,F,F,F,F,F,F,T,T,F
62175,17.9183,CASH,M,NO,13300,16,T,T,F,T,T,T,T,F,F,T,F
39715,28.2126,CASH,M,YES,20200,17,T,F,F,F,F,F,F,F,F,F,F
97328,24.0255,CASH,F,YES,14300,24,F,F,T,T,F,F,F,F,F,F,F
50064,47.0822,CARD,M,NO,15400,20,T,F,T,T,F,T,T,F,F,T,F
72200,12.4526,CASH,F,NO,14400,48,T,F,T,F,F,F,F,F,F,T,F
14301,39.9171,CASH,M,NO,14200,33,F,T,T,T,F,T,T,F,F,T,T
109583,41.0085,CARD,M,NO,29200,34,F,F,F,F,F,F,F,F,F,F,F
50647,38.5632,CARD,M,YES,22100,25,F,F,F,T,F,F,F,F,F,F,F
95443,47.9239,CARD,M,YES,29000,42,T,F,F,F,F,F,F,T,F,F,F
65225,43.856,CHEQUE,F,YES,25900,48,F,F,T,F,F,F,F,F,F,F,F
67809,10.3765,CHEQUE,F,NO,11600,39,F,F,F,F,F,T,F,F,T,F,F
74314,38.7031,CARD,F,NO,17500,31,T,F,F,F,T,T,F,F,F,F,F
57102,19.9099,CASH,M,NO,16100,30,F,F,F,T,F,T,T,F,F,T,F
61011,18.1253,CASH,M,YES,25000,21,F,F,F,F,F,F,T,F,F,F,T
52421,31.7355,CARD,M,NO,15000,16,T,F,F,T,T,T,T,T,T,T,F
17064,15.3259,CHEQUE,F,YES,15800,45,F,F,F,F,F,F,T,F,F,F,F
28061,37.2245,CARD,F,YES,23200,43,F,T,F,T,F,F,F,T,F,F,T
12291,41.9518,CASH,M,NO,26700,40,F,F,F,F,F,F,F,T,F,F,T
105095,48.0785,CASH,F,YES,18000,50,F,T,F,F,F,F,F,F,T,F,F
89958,34.4239,CASH,F,YES,19400,27,F,F,T,F,T,T,F,F,F,T,T
32432,28.3847,CHEQUE,M,YES,29700,34,F,T,F,F,F,T,F,F,F,F,T
70063,28.3932,CHEQUE,M,NO,18700,35,F,F,F,F,F,F,F,T,F,F,F
42037,49.7612,CASH,M,NO,29900,25,F,F,F,F,T,F,F,F,F,F,F
24258,34.8282,CARD,F,YES,14300,23,F,F,F,F,F,F,F,F,F,F,F
109672,16.5297,CARD,M,YES,15600,20,F,F,F,T,F,T,T,T,F,F,F
33891,12.0017,CARD,F,YES,13100,47,F,T,F,F,F,F,F,F,F,T,F
44775,23.5745,CHEQUE,F,NO,26400,44,T,F,F,F,F,F,T,T,F,T,F
57101,20.7588,CARD,M,YES,19800,49,T,F,F,F,F,T,F,F,F,F,F
13564,31.583,CHEQUE,F,YES,12900,19,F,F,T,F,F,F,F,F,F,F,F
28427,12.9735,CHEQUE,M,NO,10700,32,F,F,F,T,F,T,T,F,F,F,T
24864,24.6676,CASH,F,YES,19200,38,T,F,F,T,F,T,F,F,F,F,F
61159,47.2278,CARD,M,NO,25000,21,T,T,F,F,T,F,F,F,T,T,F
10645,18.4803,CARD,M,YES,13300,20,T,T,F,T,F,T,T,F,F,F,F
96076,24.4413,CASH,F,YES,22900,36,F,F,F,T,F,F,F,F,F,T,T
66651,25.6292,CHEQUE,F,YES,27900,44,F,F,F,F,F,F,F,F,F,F,F
61342,26.5892,CASH,F,NO,18900,41,F,F,F,T,T,F,T,F,F,F,F
94754,45.0857,CASH,F,NO,29700,41,F,F,F,T,T,F,F,T,T,T,T
37917,22.9288,CASH,F,NO,10500,26,T,T,F,F,F,F,F,T,F,F,F
18517,42.5094,CARD,M,YES,13900,38,T,T,F,T,F,T,T,F,F,F,F
14107,12.9508,CARD,F,NO,27500,33,F,T,F,F,F,F,F,F,F,T,F
91117,33.6103,CARD,M,NO,17800,21,T,F,F,F,F,F,F,F,F,T,F
28268,10.8787,CASH,M,NO,21300,26,F,F,T,F,F,F,F,F,F,T,F
76944,47.6155,CASH,F,YES,23900,34,F,F,F,F,F,F,T,T,F,F,T
58485,35.5474,CHEQUE,M,NO,28000,27,T,F,F,F,F,T,F,F,F,F,T
82801,42.5439,CARD,M,NO,20100,28,F,F,F,T,F,T,F,T,F,F,F
54314,31.2939,CASH,F,YES,28700,44,F,T,F,F,F,F,F,F,F,F,F
106122,32.3362,CASH,M,YES,23700,22,F,F,T,F,F,F,F,T,F,F,F
105188,44.3619,CASH,M,YES,26400,39,F,F,F,F,F,F,F,F,T,F,F
73708,43.3068,CHEQUE,F,NO,21900,36,T,F,F,T,F,F,F,T,T,T,T
72900,14.4639,CARD,M,NO,18700,17,T,F,T,F,F,F,F,F,F,T,F
29343,11.0385,CHEQUE,F,NO,27300,46,T,T,F,F,F,F,F,T,F,F,T
109884,35.8216,CARD,F,NO,15100,18,T,F,F,F,T,T,F,F,T,T,T
32160,19.7177,CASH,F,YES,20600,33,F,F,F,F,F,T,T,F,F,F,T
59297,49.3566,CHEQUE,F,NO,22000,28,F,F,F,T,T,F,T,T,F,F,T
101544,38.5665,CARD,M,NO,25100,47,T,F,F,F,T,T,F,F,F,F,F
94004,43.8679,CARD,M,NO,28000,37,F,F,F,F,T,T,T,F,F,F,F
91074,46.5642,CARD,F,NO,11600,19,F,F,F,T,F,T,F,F,F,F,F
78302,32.6841,CARD,M,YES,20500,33,T,F,F,T,F,F,F,F,F,F,F
65006,10.546,CASH,F,NO,12600,24,T,F,F,F,F,F,F,F,T,T,F
27496,16.3272,CARD,F,NO,25700,48,F,F,F,F,F,T,T,F,F,F,T
27306,17.3906,CHEQUE,F,NO,10600,42,T,F,F,T,F,T,T,F,T,F,T
108855,32.8419,CARD,F,YES,22800,30,F,F,F,F,T,F,F,T,T,T,T
30423,44.942,CHEQUE,F,YES,12200,45,F,F,F,F,F,F,F,F,T,F,T
14015,31.8657,CASH,M,NO,17200,38,F,F,F,T,F,F,F,F,F,F,T
19211,35.9545,CARD,M,NO,12700,28,F,F,F,T,F,T,T,F,F,F,T
18917,47.9346,CARD,M,NO,12100,47,F,T,T,T,F,T,T,F,F,F,T
68104,12.329,CHEQUE,F,NO,20800,45,F,F,F,T,F,T,T,F,F,T,F
109425,23.2353,CARD,F,YES,20300,20,F,F,F,F,T,F,F,T,F,F,F
55550,31.475,CASH,M,NO,21500,28,T,F,F,F,F,T,F,T,F,F,F
14514,31.6016,CARD,F,YES,11000,45,F,F,F,F,T,F,F,F,T,F,F
103087,38.578,CASH,M,YES,15500,35,F,T,F,T,F,T,T,T,F,F,F
56885,33.5694,CHEQUE,M,NO,15500,27,F,T,F,T,T,T,T,F,T,F,T
41866,20.4519,CASH,F,NO,16100,34,F,F,F,F,F,F,F,F,F,F,F
69372,11.5395,CARD,F,YES,10700,35,F,T,F,F,F,F,F,F,F,F,T
105429,15.294,CASH,M,NO,23300,43,T,T,F,F,F,T,F,F,F,F,F
15317,43.8941,CARD,M,YES,23700,40,F,F,T,F,F,F,F,F,F,F,F
68156,18.1151,CHEQUE,F,NO,26300,40,F,F,F,F,F,F,T,F,T,F,F
104971,35.7501,CHEQUE,F,YES,24900,24,F,F,F,F,F,F,F,T,T,F,T
78626,33.0971,CASH,M,NO,23700,47,F,T,F,F,F,T,F,F,F,F,F
60153,47.156,CARD,M,YES,27400,31,F,T,F,F,T,F,T,T,F,F,F
80728,21.2648,CASH,F,YES,11700,28,F,T,F,T,T,T,F,F,F,F,T
100553,24.1456,CARD,M,NO,21500,34,T,F,F,T,F,F,F,T,T,F,F
43962,11.6764,CHEQUE,M,NO,22600,49,F,F,F,F,F,F,F,F,F,T,F
78357,28.8482,CARD,F,NO,28600,40,F,F,T,F,F,T,F,F,F,F,F
82796,18.5934,CARD,F,YES,17800,17,F,F,F,F,T,F,F,F,F,F,F
40459,37.9935,CARD,F,NO,23700,47,F,F,T,F,F,F,F,T,F,F,T
106499,26.9588,CASH,M,YES,10700,31,F,F,F,T,F,T,T,F,F,F,F
109224,20.0952,CHEQUE,M,NO,27500,18,T,F,F,F,F,F,T,F,F,T,F
32182,13.3271,CASH,F,YES,24300,29,F,F,F,F,F,F,T,F,F,F,F
100393,28.7753,CASH,M,NO,27200,22,T,F,F,T,F,F,F,F,F,T,T
26061,47.0537,CASH,M,NO,11000,22,T,T,F,T,T,T,T,F,F,T,F
47330,20.9348,CASH,F,YES,18800,21,T,F,F,F,F,T,F,T,F,F,T
94864,43.4745,CHEQUE,F,NO,14200,47,F,F,F,F,F,F,F,T,F,F,F
28959,21.5852,CASH,M,NO,23600,38,F,F,F,F,F,T,F,F,F,F,F
54462,38.8386,CASH,M,NO,15900,31,F,F,T,T,F,T,T,T,F,F,F
63880,16.7477,CASH,F,NO,20800,23,T,F,F,F,T,F,F,F,F,T,F
104630,49.6887,CARD,F,YES,23800,19,T,F,F,F,F,F,F,T,F,F,T
11565,44.9745,CASH,F,NO,16400,19,F,T,T,T,F,F,F,T,F,T,F
93527,33.361,CASH,M,YES,29700,38,F,F,F,F,F,F,T,T,F,F,F
88812,28.8761,CARD,F,NO,10500,34,F,F,F,F,F,F,T,F,F,F,F
61107,30.314,CARD,F,YES,21100,30,T,F,T,F,F,F,F,F,F,F,F
104722,33.6677,CARD,M,YES,16700,38,F,F,F,T,F,T,T,F,F,F,F
10915,12.4624,CARD,F,NO,13500,22,T,F,T,F,T,T,F,F,F,T,F
33056,14.4013,CHEQUE,M,NO,23500,27,F,F,F,F,F,F,F,F,F,F,F
78967,36.166,CHEQUE,M,YES,14500,25,F,F,F,T,F,T,T,F,F,F,F
81825,25.0713,CARD,F,NO,12300,21,T,F,T,F,F,F,F,F,F,T,F
51846,37.0748,CARD,F,NO,14000,21,T,F,F,F,F,F,F,F,F,T,F
58288,14.481,CARD,M,NO,16000,24,F,F,F,F,F,F,F,F,F,F,F
30459,32.6755,CHEQUE,F,NO,20500,29,F,F,F,T,F,F,F,T,F,T,T
70018,42.7998,CHEQUE,F,YES,25800,39,T,F,T,F,F,T,T,T,F,T,T
62789,15.1609,CASH,M,NO,14000,25,T,F,F,T,F,T,T,F,F,F,F
102887,33.3158,CHEQUE,M,NO,20300,46,T,F,F,F,F,T,F,F,F,F,F
83102,48.0077,CASH,M,YES,14600,47,F,F,F,T,F,T,T,F,F,T,F
57268,25.0267,CASH,M,YES,22000,25,T,T,F,F,F,F,F,F,T,F,F
78139,48.5578,CASH,M,NO,25200,29,T,F,F,T,T,F,F,F,F,F,F
86331,45.4521,CARD,M,NO,10300,29,F,F,F,T,F,T,T,F,F,T,T
31384,37.2056,CARD,M,NO,27500,27,F,F,F,T,F,F,F,F,F,F,F
63996,13.7353,CHEQUE,F,NO,22600,23,F,F,F,T,F,F,F,F,F,T,F
99025,29.0798,CARD,M,YES,27400,42,F,T,F,F,F,F,F,F,F,F,F
95921,34.8576,CASH,F,YES,23300,43,T,F,F,F,F,F,F,T,F,F,T
99164,30.6965,CASH,M,NO,21600,26,F,F,T,F,F,F,F,F,T,F,T
