property_id,neighborhood,building_type,year_built,volume_interior,volume_other,lot_size,taxable_value
2,"Rijkzicht","Appartement",1979,166,11,100,90500
44,"Bomenbuurt","Vrijstaand",1988,603,73,497,420000
81,"Rijkzicht","Tussenwoning",1987,303,75,91,152500
140,"Parkbuurt","Tussenwoning",1926,228,12,55,92000
155,"Gein","Vrijstaand",1988,666,145,441,390000
162,"Gein","Vrijstaand",1970,563,60,800,435000
209,"Rijkzicht","Tussenwoning",1902,355,41,225,130000
231,"Rijkzicht","Vrijstaand",1972,468,78,625,380500
238,"Rijkzicht","Tussenwoning",1986,315,14,107,158000
247,"Bomenbuurt","Tussenwoning",1975,282,27,141,134000
257,"Bomenbuurt","Hoekwoning",1966,390,84,247,195500
289,"Rijkzicht","Tussenwoning",1907,419,44,174,139000
319,"Rijkzicht","Appartement",1979,440,29,100,270000
333,"Bomenbuurt","Tussenwoning",1988,292,71,153,154000
345,"Rijkzicht","2-onder-1 kap",1936,347,52,307,129900
352,"Parkbuurt","Tussenwoning",1987,295,71,171,155000
362,"Rijkzicht","Tussenwoning",1973,351,25,179,151000
368,"Parkbuurt","Tussenwoning",1988,301,100,243,170000
388,"Rijkzicht","Appartement",1978,192,14,100,112500
424,"Rijkzicht","2-onder-1 kap",1915,362,110,227,140000
448,"Parkbuurt","Tussenwoning",1969,313,32,152,120000
454,"Parkbuurt","Vrijstaand",1991,274,22,149,197500
460,"Rijkzicht","Tussenwoning",1971,401,45,141,160000
466,"Bomenbuurt","Tussenwoning",1976,393,23,160,167000
522,"Rijkzicht","Tussenwoning",1963,319,17,176,125000
527,"Rijkzicht","Tussenwoning",1912,336,29,93,130000
606,"Bomenbuurt","Tussenwoning",1926,236,14,59,130000
624,"Rijkzicht","Appartement",1963,212,20,100,84000
641,"Rijkzicht","Tussenwoning",1889,433,118,199,150000
644,"Rijkzicht","Appartement",1979,166,11,100,95000
673,"Gein","Tussenwoning",1969,313,32,152,131000
674,"Parkbuurt","Vrijstaand",1991,274,22,149,175000
704,"Rijkzicht","2-onder-1 kap",1927,733,31,492,325000
725,"Bomenbuurt","Tussenwoning",1976,475,62,301,249000
739,"Rijkzicht","2-onder-1 kap",1911,291,0,197,60900
778,"Bomenbuurt","2-onder-1 kap",1929,473,62,173,175000
865,"Bomenbuurt","Hoekwoning",1971,470,90,332,240000
911,"Bomenbuurt","Tussenwoning",1980,237,12,107,111000
912,"Rijkzicht","Tussenwoning",1972,398,28,172,148500
913,"Parkbuurt","Hoekwoning",1986,373,88,227,225000
954,"Gein","Vrijstaand",1989,531,50,432,370000
960,"Rijkzicht","Tussenwoning",1964,321,23,111,115000
973,"Bomenbuurt","Tussenwoning",1971,326,31,153,142000
1027,"Rijkzicht","Hoekwoning",1970,357,45,230,172000
1030,"Rijkzicht","Tussenwoning",1934,432,72,141,137000
1040,"Bomenbuurt","Tussenwoning",1988,300,105,130,141000
1051,"Rijkzicht","Hoekwoning",1936,650,0,570,290000
1060,"Gein","Vrijstaand",1990,595,110,512,392500
1067,"Rijkzicht","Tussenwoning",1951,457,16,177,210000
1068,"Rijkzicht","Appartement",1965,199,13,100,97500
1113,"Gein","Tussenwoning",1979,411,69,226,185000
1119,"Bomenbuurt","Hoekwoning",1988,313,102,260,227500
1130,"Bloemenbuurt","2-onder-1 kap",1990,387,117,269,236000
1161,"Bloemenbuurt","Tussenwoning",1976,333,57,222,210000
1189,"Bomenbuurt","Tussenwoning",1984,304,20,154,142500
1202,"Gein","2-onder-1 kap",1981,454,67,445,323750
1216,"Rijkzicht","Tussenwoning",1935,312,28,367,120000
1229,"Parkbuurt","Tussenwoning",1976,365,23,187,145500
1236,"Rijkzicht","Tussenwoning",1987,303,75,114,145000
1272,"Rijkzicht","Tussenwoning",1913,747,0,265,305000
1317,"Parkbuurt","Tussenwoning",1979,376,30,162,149000
1322,"Rijkzicht","Tussenwoning",1941,361,99,270,225000
1326,"Bloemenbuurt","2-onder-1 kap",1910,427,33,219,112500
1406,"Rijkzicht","2-onder-1 kap",1930,306,0,204,102500
1418,"Rijkzicht","Tussenwoning",1973,379,0,117,95700
1422,"Bloemenbuurt","Hoekwoning",1986,340,109,187,180000
1444,"Rijkzicht","Hoekwoning",1926,350,29,238,95000
1472,"Rijkzicht","Tussenwoning",1947,355,287,237,180000
1477,"Rijkzicht","Tussenwoning",1924,223,10,71,70000
1514,"Rijkzicht","Tussenwoning",1964,360,23,147,132500
1515,"Rijkzicht","Appartement",1966,225,15,100,107500
1516,"Bomenbuurt","Hoekwoning",1987,324,127,232,188000
1522,"Bomenbuurt","Tussenwoning",1959,267,19,94,100000
1528,"Rijkzicht","2-onder-1 kap",1961,357,82,295,210000
1532,"Rijkzicht","Tussenwoning",1947,350,63,252,165000
1563,"Gein","Tussenwoning",1976,363,42,171,137000
1565,"Bomenbuurt","Vrijstaand",1987,531,64,525,383000
1591,"Gein","Hoekwoning",1985,339,49,205,197500
1619,"Rijkzicht","Appartement",1979,145,18,100,87500
1629,"Rijkzicht","Tussenwoning",1920,404,0,285,129000
1630,"Bomenbuurt","Tussenwoning",1991,298,77,133,155000
1633,"Parkbuurt","Tussenwoning",1974,335,60,162,137000
1641,"Bomenbuurt","2-onder-1 kap",1976,532,60,396,315000
1652,"Rijkzicht","Appartement",1963,276,14,100,92000
1678,"Parkbuurt","Tussenwoning",1986,304,20,162,140000
1679,"Gein","Tussenwoning",1974,335,60,199,160000
1745,"Rijkzicht","Hoekwoning",1924,296,16,355,150000
1753,"Bomenbuurt","Tussenwoning",1974,277,27,130,117000
1762,"Bloemenbuurt","Tussenwoning",1979,354,20,161,140000
1789,"Bloemenbuurt","Tussenwoning",1990,289,68,146,150000
1794,"Rijkzicht","Tussenwoning",1961,359,27,138,165000
1814,"Rijkzicht","Tussenwoning",1915,370,0,123,92000
1822,"Rijkzicht","2-onder-1 kap",1925,258,61,250,90000
1827,"Rijkzicht","Tussenwoning",1959,293,50,182,165000
1846,"Rijkzicht","Tussenwoning",1941,294,0,139,112500
1848,"Rijkzicht","2-onder-1 kap",1960,666,75,635,395000
1880,"Rijkzicht","Tussenwoning",1915,220,0,141,50000
1888,"Rijkzicht","Tussenwoning",1935,314,0,96,108000
1904,"Bloemenbuurt","Hoekwoning",1969,427,95,258,199000
1918,"Rijkzicht","Tussenwoning",1934,346,0,206,100000
1927,"Rijkzicht","Tussenwoning",1928,272,12,127,112000
1960,"Rijkzicht","Tussenwoning",1923,177,24,155,89000
1989,"Bomenbuurt","2-onder-1 kap",1968,338,64,329,220000
1992,"Parkbuurt","Tussenwoning",1986,304,20,178,135000
2008,"Rijkzicht","Tussenwoning",1902,336,42,125,142000
2079,"Gein","Vrijstaand",1990,674,104,511,403500
2082,"Bomenbuurt","2-onder-1 kap",1955,367,87,260,202000
2114,"Rijkzicht","Tussenwoning",1963,299,17,127,140000
2130,"Bomenbuurt","2-onder-1 kap",1930,252,24,134,125000
2171,"Rijkzicht","Appartement",1980,232,12,100,147500
2184,"Bloemenbuurt","Hoekwoning",1925,234,35,257,89000
2250,"Rijkzicht","Tussenwoning",1972,398,68,174,169500
2273,"Rijkzicht","Appartement",1979,162,12,100,88500
2279,"Rijkzicht","Tussenwoning",1964,299,21,137,115000
2285,"Rijkzicht","Appartement",1963,186,24,100,55500
2309,"Bloemenbuurt","Vrijstaand",1978,712,90,855,410000
2331,"Rijkzicht","Tussenwoning",1931,741,25,204,330000
2344,"Rijkzicht","Tussenwoning",1915,324,29,125,115000
2345,"Rijkzicht","2-onder-1 kap",1915,366,65,184,157500
2348,"Rijkzicht","Tussenwoning",1924,223,10,71,69900
2383,"Bomenbuurt","Tussenwoning",1959,267,19,94,103000
2390,"Rijkzicht","2-onder-1 kap",1915,295,0,151,115000
2400,"Rijkzicht","Tussenwoning",1932,325,0,108,129000
2419,"Bomenbuurt","Hoekwoning",1974,390,60,295,227000
2420,"Rijkzicht","Hoekwoning",1932,318,0,146,113000
2423,"Rijkzicht","Appartement",1964,153,10,100,94000
2431,"Bomenbuurt","2-onder-1 kap",1975,490,72,371,320000
2434,"Rijkzicht","Tussenwoning",1964,277,14,146,85000
2456,"Rijkzicht","Tussenwoning",1964,251,17,139,97500
2480,"Rijkzicht","Tussenwoning",1957,467,22,178,205000
2508,"Rijkzicht","Tussenwoning",1985,265,19,120,132500
2586,"Rijkzicht","2-onder-1 kap",1949,351,18,104,140000
2601,"Parkbuurt","Tussenwoning",1957,347,65,221,139000
2619,"Parkbuurt","Hoekwoning",1970,387,50,252,212000
2688,"Bomenbuurt","Hoekwoning",1985,326,80,261,242000
2696,"Bomenbuurt","Tussenwoning",1981,323,25,162,144000
2706,"Rijkzicht","2-onder-1 kap",1928,319,52,436,165000
2729,"Bomenbuurt","Hoekwoning",1991,364,112,225,230000
2731,"Bomenbuurt","Tussenwoning",1972,377,50,124,145000
2772,"Parkbuurt","Appartement",1966,208,22,100,77000
2797,"Bomenbuurt","Tussenwoning",1977,348,61,191,130000
2817,"Rijkzicht","Hoekwoning",1936,388,0,140,196500
2836,"Rijkzicht","Tussenwoning",1953,412,19,112,130000
2864,"Rijkzicht","2-onder-1 kap",1973,460,44,377,281000
2879,"Parkbuurt","Tussenwoning",1989,280,0,140,140000
2919,"Bomenbuurt","Tussenwoning",1979,387,52,269,222000
3004,"Bomenbuurt","Tussenwoning",1988,292,77,133,142000
3025,"Gein","Hoekwoning",1984,548,90,314,285000
3043,"Bomenbuurt","Hoekwoning",1991,457,50,230,247500
3046,"Rijkzicht","2-onder-1 kap",1927,254,24,145,100000
3080,"Rijkzicht","Appartement",1979,162,12,100,108000
3102,"Rijkzicht","2-onder-1 kap",1925,332,0,225,120000
3125,"Parkbuurt","Tussenwoning",1984,326,20,167,136000
3149,"Gein","Tussenwoning",1988,296,75,157,146000
3193,"Rijkzicht","Tussenwoning",1895,340,59,130,140000
3194,"Parkbuurt","2-onder-1 kap",1967,665,0,565,210000
3216,"Gein","Tussenwoning",1957,264,20,152,113000
3239,"Bomenbuurt","Tussenwoning",1990,297,71,120,155000
3310,"Rijkzicht","Tussenwoning",1915,312,20,106,104000
3329,"Bomenbuurt","Tussenwoning",1983,356,66,136,189000
3343,"Rijkzicht","Tussenwoning",1912,1901,16,700,410000
3345,"Rijkzicht","Hoekwoning",1972,455,58,295,241000
3364,"Rijkzicht","Tussenwoning",1916,290,16,173,89000
3387,"Rijkzicht","Tussenwoning",1927,324,25,171,117500
3392,"Parkbuurt","Hoekwoning",1984,328,49,213,173000
3401,"Bomenbuurt","Tussenwoning",1959,267,19,94,129000
3418,"Rijkzicht","Tussenwoning",1964,299,66,170,122000
3449,"Rijkzicht","2-onder-1 kap",1955,479,25,158,120314
3457,"Bloemenbuurt","Hoekwoning",1987,450,171,230,199000
3468,"Rijkzicht","Tussenwoning",1971,413,19,158,153000
3481,"Gein","Tussenwoning",1979,411,69,315,223500
3528,"Gein","Tussenwoning",1969,313,32,152,130000
3575,"Rijkzicht","Appartement",1979,398,28,100,195000
3600,"Bomenbuurt","Tussenwoning",1979,411,34,262,182500
3617,"Gein","2-onder-1 kap",1979,398,64,274,255000
3637,"Rijkzicht","Tussenwoning",1971,361,19,161,139500
3644,"Rijkzicht","Hoekwoning",1955,443,165,388,215400
3648,"Bloemenbuurt","Tussenwoning",1926,290,14,155,146000
3673,"Bomenbuurt","2-onder-1 kap",1915,389,38,125,100000
3675,"Bloemenbuurt","Tussenwoning",1977,358,20,149,165000
3682,"Parkbuurt","2-onder-1 kap",1977,589,118,424,320000
3696,"Bomenbuurt","2-onder-1 kap",1927,431,0,170,170000
3721,"Bomenbuurt","Hoekwoning",1970,430,62,264,230000
3723,"Gein","Tussenwoning",1976,258,45,160,135000
3771,"Rijkzicht","Hoekwoning",1924,408,35,159,152500
3804,"Bomenbuurt","Hoekwoning",1984,343,51,292,195000
3809,"Rijkzicht","Tussenwoning",1911,348,93,208,137000
3830,"Rijkzicht","Appartement",1963,185,20,100,62000
3832,"Rijkzicht","Hoekwoning",1924,291,0,300,149000
3848,"Bomenbuurt","Tussenwoning",1981,323,25,156,156500
3857,"Rijkzicht","Tussenwoning",1963,285,30,136,115000
3877,"Bomenbuurt","Hoekwoning",1989,331,124,252,220000
3894,"Parkbuurt","Hoekwoning",1967,352,54,238,185000
3931,"Rijkzicht","Appartement",1965,225,13,100,96000
3945,"Rijkzicht","Tussenwoning",1947,350,29,200,115000
3974,"Rijkzicht","2-onder-1 kap",1930,266,0,160,130000
3978,"Gein","Vrijstaand",1987,663,92,742,425000
3980,"Rijkzicht","Appartement",1964,153,10,100,95000
4004,"Bomenbuurt","Tussenwoning",1987,265,56,134,152000
4021,"Rijkzicht","2-onder-1 kap",1928,258,36,206,100000
4025,"Bloemenbuurt","Tussenwoning",1983,240,23,189,135000
4043,"Bomenbuurt","Tussenwoning",1988,292,77,115,142500
4073,"Rijkzicht","Appartement",1963,185,20,100,67500
4092,"Rijkzicht","Hoekwoning",1936,427,90,282,185000
4125,"Parkbuurt","Hoekwoning",1938,356,56,258,195000
4131,"Rijkzicht","Tussenwoning",1972,416,27,158,145000
4138,"Rijkzicht","Appartement",1979,162,12,100,98000
4148,"Rijkzicht","Tussenwoning",1962,229,37,167,108000
4165,"Rijkzicht","Tussenwoning",1972,398,28,172,150000
4170,"Rijkzicht","Tussenwoning",1906,470,0,70,85000
4173,"Rijkzicht","Tussenwoning",1983,283,20,104,124500
4182,"Gein","Tussenwoning",1969,345,21,132,135000
4190,"Rijkzicht","Hoekwoning",1933,828,70,501,327500
4202,"Rijkzicht","Appartement",1979,413,29,100,200000
4219,"Rijkzicht","Tussenwoning",1909,272,35,85,79000
4220,"Bloemenbuurt","Vrijstaand",1965,878,74,948,440000
4225,"Gein","Tussenwoning",1975,341,25,150,142500
4247,"Rijkzicht","Hoekwoning",1926,419,100,522,186000
4250,"Rijkzicht","Tussenwoning",1935,311,0,88,90000
4277,"Bomenbuurt","Appartement",1979,250,16,100,105000
4281,"Bomenbuurt","Hoekwoning",1986,290,17,224,142000
4300,"Bomenbuurt","Tussenwoning",1977,348,61,163,161000
4308,"Bomenbuurt","2-onder-1 kap",1976,560,83,486,335000
4310,"Parkbuurt","Tussenwoning",1976,412,27,188,155000
4351,"Gein","Tussenwoning",1980,408,105,173,215000
4352,"Gein","Tussenwoning",1972,317,23,87,118000
4355,"Gein","Tussenwoning",1979,318,24,142,135000
4360,"Rijkzicht","Tussenwoning",1923,177,24,155,65000
4364,"Rijkzicht","Tussenwoning",1964,251,38,132,138000
4453,"Gein","Hoekwoning",1988,391,129,281,220000
4490,"Rijkzicht","Appartement",1963,227,23,100,79000
4495,"Rijkzicht","2-onder-1 kap",1912,642,0,105,132000
4497,"Gein","Tussenwoning",1977,371,19,169,170000
4506,"Bloemenbuurt","Tussenwoning",1978,466,76,273,254000
4552,"Gein","Tussenwoning",1983,361,23,194,161000
4557,"Parkbuurt","Tussenwoning",1990,291,68,135,148000
4570,"Parkbuurt","Tussenwoning",1945,373,0,127,117500
4571,"Rijkzicht","Tussenwoning",1920,381,0,82,50000
4572,"Rijkzicht","Appartement",1963,185,20,100,85000
4621,"Rijkzicht","Tussenwoning",1983,247,12,70,125000
4630,"Rijkzicht","Tussenwoning",1961,329,27,137,142500
4636,"Rijkzicht","2-onder-1 kap",1954,387,25,193,150000
4652,"Gein","Tussenwoning",1957,300,20,149,107000
4658,"Parkbuurt","Tussenwoning",1969,313,32,152,135000
4667,"Bomenbuurt","Vrijstaand",1970,372,71,316,274000
4672,"Rijkzicht","Tussenwoning",1927,386,0,198,128700
4683,"Rijkzicht","Appartement",1979,192,14,100,100000
4688,"Rijkzicht","Tussenwoning",1952,347,63,207,150000
4694,"Gein","Tussenwoning",1966,298,60,186,140000
4723,"Rijkzicht","Tussenwoning",1964,277,14,144,92500
4752,"Bomenbuurt","Tussenwoning",1988,304,99,255,180000
4761,"Rijkzicht","Tussenwoning",1962,279,20,125,100000
4778,"Parkbuurt","Vrijstaand",1980,949,105,885,475000
4780,"Rijkzicht","Tussenwoning",1894,236,0,66,75000
4792,"Rijkzicht","Tussenwoning",1934,295,33,320,129000
4814,"Bloemenbuurt","Tussenwoning",1980,416,51,259,217000
4844,"Bomenbuurt","Tussenwoning",1980,300,28,126,144000
4845,"Bloemenbuurt","Hoekwoning",1988,305,43,197,190000
4868,"Rijkzicht","Tussenwoning",1972,398,28,174,176500
4877,"Rijkzicht","Appartement",1979,166,11,100,91000
4892,"Rijkzicht","2-onder-1 kap",1977,425,71,385,260000
4911,"Parkbuurt","2-onder-1 kap",1935,453,25,388,175000
4945,"Rijkzicht","Tussenwoning",1932,344,21,65,115000
4954,"Parkbuurt","Vrijstaand",1976,782,100,600,350000
4956,"Rijkzicht","Tussenwoning",1941,294,0,142,97500
4970,"Parkbuurt","Tussenwoning",1979,411,67,203,192500
4972,"Bomenbuurt","Tussenwoning",1975,341,77,197,163000
4995,"Gein","Vrijstaand",1987,578,53,1153,588000
4998,"Parkbuurt","Tussenwoning",1930,390,129,304,137500
5003,"Bomenbuurt","Tussenwoning",1985,294,50,164,125000
5004,"Rijkzicht","Tussenwoning",1972,398,68,172,195000
5029,"Rijkzicht","Tussenwoning",1909,573,0,77,75000
5057,"Rijkzicht","Hoekwoning",1936,942,52,626,425000
5068,"Gein","Appartement",1931,200,0,100,62500
5070,"Rijkzicht","Tussenwoning",1964,268,17,148,138000
5083,"Gein","Hoekwoning",1987,448,43,264,220000
5113,"Rijkzicht","Appartement",1966,199,12,100,81500
5143,"Bomenbuurt","Hoekwoning",1980,400,64,258,268500
5176,"Rijkzicht","Tussenwoning",1971,361,61,158,153000
5185,"Bomenbuurt","Vrijstaand",1991,274,22,149,180000
5207,"Rijkzicht","Tussenwoning",1915,418,228,294,160000
5213,"Rijkzicht","Tussenwoning",1915,303,30,210,125000
5232,"Rijkzicht","Hoekwoning",1938,389,63,360,258000
5240,"Gein","Tussenwoning",1981,354,23,171,129500
5262,"Parkbuurt","Tussenwoning",1977,358,20,149,170000
5268,"Bomenbuurt","Vrijstaand",1969,518,57,549,280000
5321,"Bomenbuurt","2-onder-1 kap",1978,475,65,340,325000
5332,"Bloemenbuurt","Tussenwoning",1969,313,32,152,108500
5334,"Gein","Hoekwoning",1986,293,43,139,165000
5346,"Bomenbuurt","Tussenwoning",1976,351,19,196,157500
5357,"Parkbuurt","Hoekwoning",1970,370,77,273,200000
5384,"Gein","Hoekwoning",1986,314,50,177,170000
5385,"Bomenbuurt","Tussenwoning",1975,277,80,153,131000
5391,"Rijkzicht","Tussenwoning",1905,291,0,91,95000
5405,"Bomenbuurt","2-onder-1 kap",1927,781,157,815,230000
5433,"Bomenbuurt","Tussenwoning",1982,315,20,143,147500
5440,"Rijkzicht","Tussenwoning",1900,376,0,190,115000
5461,"Rijkzicht","Appartement",1980,155,9,100,75000
5482,"Bloemenbuurt","Vrijstaand",1991,274,22,149,180000
5505,"Gein","Vrijstaand",1991,275,22,192,190000
5509,"Bomenbuurt","Tussenwoning",1972,377,50,124,150000
5541,"Bloemenbuurt","2-onder-1 kap",1971,389,63,345,255000
5554,"Gein","Tussenwoning",1988,292,77,149,138500
5615,"Parkbuurt","Tussenwoning",1979,365,22,197,159000
5636,"Bomenbuurt","Vrijstaand",1978,477,174,737,412500
5652,"Parkbuurt","Tussenwoning",1983,355,19,155,130000
5684,"Bomenbuurt","Tussenwoning",1969,313,32,152,148000
5696,"Gein","2-onder-1 kap",1961,373,496,366,245000
5722,"Bomenbuurt","Tussenwoning",1987,295,71,130,145000
5723,"Rijkzicht","2-onder-1 kap",1935,339,27,304,145000
5746,"Rijkzicht","Tussenwoning",1912,1901,16,700,450000
5760,"Bomenbuurt","Hoekwoning",1989,350,140,205,210000
5786,"Gein","Tussenwoning",1992,359,98,261,238000
5795,"Gein","Hoekwoning",1984,381,51,245,190000
5800,"Gein","Tussenwoning",1976,263,24,138,135000
5803,"Parkbuurt","Hoekwoning",1987,324,127,233,189000
5806,"Parkbuurt","Hoekwoning",1924,247,40,167,127000
5826,"Rijkzicht","2-onder-1 kap",1966,301,20,304,173000
5851,"Rijkzicht","Appartement",1979,166,11,100,88000
5858,"Gein","Hoekwoning",1984,349,50,204,205000
5929,"Bomenbuurt","Tussenwoning",1983,271,20,164,155000
5948,"Bloemenbuurt","Tussenwoning",1989,293,68,170,167000
5950,"Parkbuurt","2-onder-1 kap",1990,346,114,324,267000
5983,"Rijkzicht","Appartement",1980,232,13,100,135000
6003,"Rijkzicht","Appartement",1979,166,11,100,98000
6032,"Gein","Tussenwoning",1990,336,16,157,155000
6045,"Rijkzicht","Appartement",1966,199,20,100,135000
6046,"Bomenbuurt","Tussenwoning",1973,466,27,129,160000
6050,"Parkbuurt","Tussenwoning",1969,313,32,152,147000
6053,"Rijkzicht","Tussenwoning",1900,313,0,90,70000
6054,"Bomenbuurt","Tussenwoning",1988,296,75,157,155000
6066,"Parkbuurt","Tussenwoning",1987,314,88,177,139000
6068,"Rijkzicht","Tussenwoning",1915,693,59,236,265000
6075,"Rijkzicht","Appartement",1980,232,15,100,100000
6088,"Rijkzicht","Tussenwoning",1941,324,15,125,101000
6115,"Rijkzicht","Tussenwoning",1963,299,17,143,127000
6127,"Parkbuurt","Tussenwoning",1979,322,27,179,139000
6162,"Bomenbuurt","Tussenwoning",1925,354,126,179,149500
6180,"Gein","2-onder-1 kap",1920,430,155,281,189000
6185,"Rijkzicht","Tussenwoning",1963,285,30,136,125000
6186,"Bloemenbuurt","Tussenwoning",1974,335,60,210,172000
6221,"Rijkzicht","Appartement",1963,276,14,100,95000
6226,"Bomenbuurt","Tussenwoning",1983,240,59,189,140000
6238,"Rijkzicht","Tussenwoning",1916,290,16,179,53750
6241,"Bomenbuurt","Tussenwoning",1957,347,25,132,125000
6248,"Bomenbuurt","Vrijstaand",1964,509,51,869,370000
6291,"Rijkzicht","Appartement",1979,364,28,100,177500
6325,"Bloemenbuurt","Tussenwoning",1979,417,79,188,192500
6328,"Gein","Tussenwoning",1984,326,20,133,144000
6343,"Bloemenbuurt","Tussenwoning",1926,228,12,55,117500
6348,"Parkbuurt","Tussenwoning",1978,357,18,164,132500
6373,"Rijkzicht","Tussenwoning",1940,340,95,163,135000
6409,"Rijkzicht","Tussenwoning",1934,360,44,113,136000
6434,"Rijkzicht","2-onder-1 kap",1911,314,0,126,136000
6438,"Rijkzicht","Appartement",1963,212,33,100,79500
6452,"Bomenbuurt","Appartement",1979,245,16,100,110000
6460,"Bomenbuurt","Tussenwoning",1974,335,60,162,190000
6477,"Rijkzicht","2-onder-1 kap",1972,447,67,420,316000
6511,"Bloemenbuurt","2-onder-1 kap",1923,326,0,176,142500
6534,"Gein","2-onder-1 kap",1987,342,139,290,212000
6560,"Rijkzicht","Tussenwoning",1912,435,80,80,95000
6569,"Bloemenbuurt","Tussenwoning",1983,244,57,194,155000
6576,"Rijkzicht","2-onder-1 kap",1922,313,31,253,135000
6589,"Rijkzicht","Appartement",1963,185,24,100,69500
6618,"Rijkzicht","Appartement",1965,199,13,100,130000
6622,"Gein","Hoekwoning",1988,313,102,220,227500
6654,"Bomenbuurt","Tussenwoning",1985,332,19,161,145000
6672,"Bomenbuurt","Tussenwoning",1983,271,20,164,132500
6690,"Gein","Vrijstaand",1972,578,101,503,385000
6692,"Rijkzicht","Tussenwoning",1983,283,20,126,142000
6716,"Bomenbuurt","Vrijstaand",1978,571,68,465,359000
6743,"Rijkzicht","Tussenwoning",1961,311,29,136,117000
6776,"Parkbuurt","2-onder-1 kap",1978,374,83,455,305000
6826,"Rijkzicht","Tussenwoning",1908,261,26,348,95000
6836,"Rijkzicht","Tussenwoning",1956,319,46,132,100000
6854,"Bomenbuurt","Hoekwoning",1989,407,133,230,224000
6950,"Rijkzicht","Tussenwoning",1933,268,15,107,145000
6952,"Parkbuurt","Vrijstaand",1968,476,111,977,450000
6955,"Rijkzicht","Tussenwoning",1940,274,15,138,80000
7006,"Bomenbuurt","Tussenwoning",1987,265,56,134,152500
7012,"Bomenbuurt","Tussenwoning",1915,288,22,230,75000
7019,"Rijkzicht","Tussenwoning",1973,351,25,174,140000
7020,"Rijkzicht","Appartement",1963,167,20,100,58000
7110,"Rijkzicht","Tussenwoning",1904,858,40,133,200000
7162,"Bomenbuurt","Tussenwoning",1920,345,57,163,154500
7178,"Rijkzicht","Tussenwoning",1939,336,18,143,104000
7187,"Rijkzicht","Tussenwoning",1915,264,0,140,72000
7210,"Rijkzicht","Tussenwoning",1973,351,25,174,144000
7296,"Parkbuurt","Tussenwoning",1980,283,49,155,154000
7360,"Bomenbuurt","Tussenwoning",1991,248,15,135,131000
7364,"Rijkzicht","2-onder-1 kap",1925,605,99,412,302500
7372,"Gein","Vrijstaand",1989,599,101,498,410000
7373,"Bomenbuurt","Tussenwoning",1991,290,78,135,155000
7409,"Rijkzicht","Tussenwoning",1922,390,0,256,170000
7441,"Bomenbuurt","Tussenwoning",1976,258,26,179,127000
7447,"Parkbuurt","2-onder-1 kap",1979,442,147,390,366200
7485,"Parkbuurt","Hoekwoning",1985,285,46,276,182000
7501,"Bomenbuurt","Tussenwoning",1978,358,26,214,174500
7506,"Bloemenbuurt","Tussenwoning",1963,305,25,154,110500
7511,"Rijkzicht","Tussenwoning",1935,329,33,148,135000
7521,"Bloemenbuurt","Tussenwoning",1966,298,60,186,127500
7550,"Gein","Tussenwoning",1979,387,22,238,190000
7555,"Parkbuurt","Tussenwoning",1969,313,32,152,112000
7557,"Rijkzicht","Appartement",1900,475,0,100,122500
7558,"Rijkzicht","Hoekwoning",1972,456,56,271,230000
7596,"Parkbuurt","Vrijstaand",1991,275,22,150,185000
7606,"Rijkzicht","2-onder-1 kap",1975,521,102,854,425000
7628,"Rijkzicht","Tussenwoning",1959,301,21,172,127500
7631,"Rijkzicht","Appartement",1979,162,12,100,85000
7635,"Rijkzicht","Tussenwoning",1933,416,0,204,120000
7640,"Rijkzicht","Tussenwoning",1907,801,51,236,150000
7657,"Rijkzicht","Tussenwoning",1951,507,16,167,135000
7678,"Parkbuurt","Tussenwoning",1938,312,0,253,222500
7708,"Rijkzicht","Vrijstaand",1972,470,51,551,315000
7709,"Gein","Tussenwoning",1976,384,31,185,163500
7740,"Gein","Vrijstaand",1977,578,116,566,425000
7756,"Parkbuurt","Appartement",1979,205,13,100,95000
7762,"Parkbuurt","Hoekwoning",1986,373,88,261,226000
7799,"Rijkzicht","Tussenwoning",1936,367,30,103,67500
7853,"Bomenbuurt","Hoekwoning",1989,337,120,215,215000
7859,"Bomenbuurt","Tussenwoning",1989,280,0,140,139500
7867,"Bomenbuurt","Appartement",1979,250,14,100,123000
7897,"Bomenbuurt","Hoekwoning",1972,324,44,163,186500
7915,"Rijkzicht","2-onder-1 kap",1948,378,21,542,260546
7918,"Parkbuurt","Tussenwoning",1989,280,0,140,144000
7925,"Gein","Tussenwoning",1988,292,77,189,149000
7934,"Bomenbuurt","Tussenwoning",1971,326,31,157,165000
7945,"Bomenbuurt","2-onder-1 kap",1978,524,111,544,330000
7963,"Gein","Tussenwoning",1976,382,23,180,172500
7990,"Rijkzicht","Tussenwoning",1983,291,20,165,157500
7997,"Bomenbuurt","Tussenwoning",1980,289,49,182,155000
8000,"Bomenbuurt","Tussenwoning",1979,348,20,186,156000
8009,"Rijkzicht","Tussenwoning",1972,398,68,172,157500
8013,"Rijkzicht","Tussenwoning",1970,331,24,137,155000
8014,"Bomenbuurt","Tussenwoning",1972,317,23,87,90000
8045,"Bomenbuurt","Tussenwoning",1978,322,27,154,150000
8056,"Bomenbuurt","Tussenwoning",1979,318,24,143,149000
8085,"Gein","Tussenwoning",1981,354,23,137,135000
8115,"Rijkzicht","Tussenwoning",1972,416,27,158,149000
8184,"Gein","Tussenwoning",1974,277,27,130,120000
8188,"Bomenbuurt","Vrijstaand",1991,274,22,151,181000
8220,"Bomenbuurt","Tussenwoning",1985,285,17,104,116000
8223,"Bomenbuurt","Tussenwoning",1957,319,21,142,115000
8224,"Bomenbuurt","Hoekwoning",1966,392,61,168,210000
8256,"Gein","Tussenwoning",1957,264,20,122,120000
8286,"Rijkzicht","Appartement",1963,227,35,100,72500
8296,"Bomenbuurt","2-onder-1 kap",1966,449,72,429,234500
8305,"Parkbuurt","Hoekwoning",1985,294,52,216,189000
8323,"Bloemenbuurt","2-onder-1 kap",1966,423,59,339,219000
8329,"Bomenbuurt","Tussenwoning",1988,292,66,149,145000
8382,"Gein","Hoekwoning",1991,372,119,261,257500
8396,"Bloemenbuurt","2-onder-1 kap",1982,544,156,576,385000
8404,"Parkbuurt","Tussenwoning",1988,296,75,184,164000
8406,"Bomenbuurt","Vrijstaand",1973,550,102,497,317500
8430,"Gein","Vrijstaand",1976,615,121,750,375000
8453,"Bomenbuurt","Tussenwoning",1975,277,80,153,140000
8474,"Rijkzicht","2-onder-1 kap",1933,294,46,250,165000
8487,"Parkbuurt","Tussenwoning",1978,322,27,148,127000
8506,"Rijkzicht","Tussenwoning",1971,408,47,161,169000
8526,"Bomenbuurt","Tussenwoning",1988,301,100,243,193000
8549,"Parkbuurt","Hoekwoning",1971,445,73,290,220000
8574,"Rijkzicht","Hoekwoning",1936,450,30,360,258000
8578,"Parkbuurt","Tussenwoning",1957,287,51,201,120000
8594,"Gein","Tussenwoning",1977,324,18,177,129000
8599,"Bomenbuurt","Tussenwoning",1988,292,71,164,160000
8610,"Rijkzicht","Tussenwoning",1957,372,65,370,108000
8629,"Bomenbuurt","Tussenwoning",1957,298,17,154,122000
8638,"Gein","Vrijstaand",1988,434,55,564,360000
8663,"Parkbuurt","Appartement",1979,245,13,100,118000
8691,"Bomenbuurt","Hoekwoning",1986,373,88,261,240000
8712,"Rijkzicht","Tussenwoning",1947,370,19,148,109000
8717,"Rijkzicht","Appartement",1963,185,24,100,68000
8723,"Parkbuurt","Hoekwoning",1986,325,60,238,175500
8737,"Bomenbuurt","Hoekwoning",1986,340,44,211,172000
8758,"Gein","Tussenwoning",1981,323,25,160,139000
8764,"Parkbuurt","Tussenwoning",1984,310,20,151,144000
8779,"Bomenbuurt","Tussenwoning",1979,361,20,158,152500
8787,"Rijkzicht","Tussenwoning",1972,398,28,172,140000
8825,"Rijkzicht","Tussenwoning",1964,266,17,141,137000
8828,"Rijkzicht","2-onder-1 kap",1886,323,0,238,125000
8835,"Bomenbuurt","Appartement",1966,240,15,100,110000
8838,"Rijkzicht","2-onder-1 kap",1932,370,33,146,158000
8861,"Bomenbuurt","2-onder-1 kap",1930,319,0,125,135000
8952,"Gein","Hoekwoning",1980,422,52,312,309000
8973,"Rijkzicht","Tussenwoning",1910,295,68,150,112500
8981,"Rijkzicht","Appartement",1977,146,14,100,85000
8984,"Bomenbuurt","2-onder-1 kap",1968,413,62,340,200000
8988,"Bloemenbuurt","Hoekwoning",1987,342,109,282,167000
9011,"Parkbuurt","Tussenwoning",1989,296,70,149,150000
9069,"Bomenbuurt","Tussenwoning",1983,366,19,181,141500
9071,"Bomenbuurt","Tussenwoning",1957,298,17,119,137000
9089,"Rijkzicht","Hoekwoning",1938,343,0,193,128000
9118,"Parkbuurt","Tussenwoning",1980,280,31,134,115000
9119,"Rijkzicht","Hoekwoning",1958,335,69,252,191000
9120,"Bomenbuurt","Tussenwoning",1978,264,20,140,122500
9128,"Rijkzicht","Appartement",1963,167,20,100,65000
9167,"Gein","Hoekwoning",1972,376,52,247,220000
9175,"Rijkzicht","Vrijstaand",1973,609,27,845,405000
9185,"Bomenbuurt","Tussenwoning",1983,258,25,161,148000
9187,"Rijkzicht","Tussenwoning",1953,278,20,161,113500
9219,"Bloemenbuurt","Tussenwoning",1969,313,32,152,145000
9230,"Rijkzicht","Appartement",1963,212,33,100,79000
9243,"Bomenbuurt","Tussenwoning",1959,345,26,166,140000
9248,"Bloemenbuurt","Tussenwoning",1977,362,20,145,136000
9252,"Bomenbuurt","Tussenwoning",1967,350,21,150,150000
9284,"Bomenbuurt","Tussenwoning",1980,349,31,163,157500
9297,"Rijkzicht","Tussenwoning",1941,341,39,299,213900
9326,"Rijkzicht","Tussenwoning",1953,393,19,114,127500
9330,"Gein","Tussenwoning",1957,273,21,138,125000
9351,"Rijkzicht","2-onder-1 kap",1926,305,28,600,120000
9371,"Gein","Tussenwoning",1959,267,19,99,113000
9375,"Bomenbuurt","Tussenwoning",1975,282,27,141,135000
9382,"Bomenbuurt","Tussenwoning",1939,468,23,202,155000
9502,"Bomenbuurt","Tussenwoning",1981,354,23,159,146500
9522,"Rijkzicht","2-onder-1 kap",1915,538,144,198,173500
9576,"Parkbuurt","Vrijstaand",1972,372,103,810,330000
9601,"Bomenbuurt","Hoekwoning",1969,422,67,249,210000
9664,"Parkbuurt","Tussenwoning",1977,362,20,138,130000
9667,"Rijkzicht","Tussenwoning",1936,509,0,90,120000
9668,"Gein","Vrijstaand",1990,733,139,871,570000
9678,"Bomenbuurt","Tussenwoning",1989,295,78,138,135600
9684,"Bloemenbuurt","Hoekwoning",1979,406,60,299,265000
9699,"Bomenbuurt","Hoekwoning",1990,299,134,225,175000
9707,"Gein","Hoekwoning",1923,391,0,153,142500
9725,"Rijkzicht","Appartement",1963,138,14,100,89500
9754,"Bloemenbuurt","2-onder-1 kap",1937,451,36,262,173000
9797,"Parkbuurt","Tussenwoning",1983,271,20,174,146000
9815,"Bomenbuurt","Tussenwoning",1976,353,23,162,132000
9889,"Rijkzicht","Tussenwoning",1940,464,0,109,165000
9927,"Rijkzicht","2-onder-1 kap",1936,452,130,222,295000
9940,"Rijkzicht","Appartement",1963,185,20,100,77500
9954,"Parkbuurt","Tussenwoning",1983,331,19,180,150000
9967,"Bomenbuurt","Vrijstaand",1989,423,49,413,285000
9981,"Bomenbuurt","Hoekwoning",1987,301,91,232,199500
10031,"Rijkzicht","Tussenwoning",1904,177,0,175,97500
10050,"Rijkzicht","Appartement",1980,232,15,100,107500
10057,"Rijkzicht","2-onder-1 kap",1935,340,0,310,126000
10067,"Rijkzicht","Tussenwoning",1952,278,20,158,70000
10069,"Rijkzicht","Tussenwoning",1953,278,20,191,105000
10070,"Rijkzicht","Tussenwoning",1973,350,24,150,174000
10092,"Bomenbuurt","Tussenwoning",1936,291,42,177,105000
10128,"Rijkzicht","Appartement",1979,395,29,100,215500
10150,"Rijkzicht","Tussenwoning",1900,500,41,275,120000
10154,"Rijkzicht","Tussenwoning",1964,251,17,137,117000
10176,"Parkbuurt","Tussenwoning",1980,370,63,165,171500
10182,"Parkbuurt","2-onder-1 kap",1976,474,65,451,355000
10218,"Rijkzicht","Tussenwoning",1973,350,24,150,173000
10253,"Rijkzicht","Hoekwoning",1957,372,20,199,168000
10289,"Rijkzicht","Tussenwoning",1915,684,31,220,100000
10318,"Rijkzicht","Tussenwoning",1940,350,76,130,165000
10340,"Rijkzicht","Appartement",1965,225,19,100,91500
10357,"Rijkzicht","Hoekwoning",1939,392,28,178,162500
10445,"Bomenbuurt","Tussenwoning",1968,310,62,164,140000
10455,"Parkbuurt","2-onder-1 kap",1915,397,45,603,125000
10487,"Rijkzicht","Tussenwoning",1959,340,44,284,128000
10512,"Rijkzicht","Appartement",1965,199,13,100,101000
10518,"Gein","Tussenwoning",1974,335,60,192,178000
10523,"Bomenbuurt","Tussenwoning",1980,280,31,138,142500
10567,"Gein","Vrijstaand",1991,732,57,498,440000
10586,"Rijkzicht","Appartement",1980,155,9,100,79000
10599,"Parkbuurt","Tussenwoning",1983,300,22,162,154000
10603,"Bomenbuurt","Tussenwoning",1983,355,19,154,136000
10624,"Bomenbuurt","Tussenwoning",1979,361,20,189,174500
10645,"Parkbuurt","2-onder-1 kap",1935,675,55,255,280000
10653,"Rijkzicht","Appartement",1963,185,20,100,57500
10669,"Bomenbuurt","Tussenwoning",1974,357,26,192,149000
10710,"Parkbuurt","Tussenwoning",1985,294,17,164,142500
10740,"Rijkzicht","Tussenwoning",1941,238,81,340,130000
10757,"Rijkzicht","Appartement",1979,166,11,100,82500
10786,"Gein","Tussenwoning",1988,300,105,198,154000
10808,"Rijkzicht","Tussenwoning",1908,245,24,147,65000
10814,"Rijkzicht","Appartement",1955,273,0,100,119000
10817,"Rijkzicht","Appartement",1963,212,20,100,87000
10829,"Parkbuurt","2-onder-1 kap",1915,304,0,311,65000
10854,"Bomenbuurt","Tussenwoning",1989,280,0,140,140000
10865,"Bloemenbuurt","Tussenwoning",1976,258,26,179,150000
10896,"Gein","Tussenwoning",1983,263,25,164,130000
10914,"Rijkzicht","Tussenwoning",1963,342,36,179,161000
10922,"Bloemenbuurt","Tussenwoning",1977,342,28,171,132500
10924,"Rijkzicht","Hoekwoning",1972,420,58,272,210000
10948,"Rijkzicht","Tussenwoning",1973,351,25,182,155000
10949,"Rijkzicht","Tussenwoning",1904,806,153,138,132500
10962,"Gein","Hoekwoning",1989,380,108,264,225000
10992,"Rijkzicht","2-onder-1 kap",1933,369,0,137,217500
10994,"Bloemenbuurt","Tussenwoning",1976,263,24,138,115000
11032,"Rijkzicht","Tussenwoning",1909,398,16,89,114000
11046,"Bomenbuurt","Tussenwoning",1976,263,24,138,139000
11079,"Bomenbuurt","Tussenwoning",1938,340,28,259,130000
11098,"Bomenbuurt","Tussenwoning",1983,338,61,235,225000
11104,"Bloemenbuurt","Tussenwoning",1979,365,22,221,180000
11116,"Rijkzicht","Tussenwoning",1963,285,17,123,140000
11150,"Rijkzicht","Tussenwoning",1915,386,0,214,50000
11185,"Bomenbuurt","Tussenwoning",1977,382,21,171,149500
11186,"Bomenbuurt","Hoekwoning",1971,470,90,332,240000
11205,"Rijkzicht","Appartement",1979,192,14,100,90000
11207,"Gein","Tussenwoning",1935,411,0,340,125000
11211,"Bomenbuurt","Tussenwoning",1977,505,34,445,295000
11264,"Rijkzicht","Tussenwoning",1956,373,13,142,181000
11298,"Parkbuurt","Tussenwoning",1972,341,63,252,165000
11350,"Rijkzicht","Appartement",1978,418,29,100,288000
11352,"Gein","2-onder-1 kap",1920,327,24,100,145000
11376,"Rijkzicht","Appartement",1965,225,13,100,100000
11425,"Bomenbuurt","Hoekwoning",1988,305,43,213,180000
11428,"Parkbuurt","Tussenwoning",1967,313,24,167,140000
11429,"Bomenbuurt","Tussenwoning",1977,367,20,169,125000
11430,"Rijkzicht","Tussenwoning",1941,324,15,165,130000
11461,"Rijkzicht","Tussenwoning",1964,277,14,144,95000
11471,"Bomenbuurt","Tussenwoning",1985,332,19,171,146000
11480,"Rijkzicht","Tussenwoning",1969,313,32,152,112500
11488,"Rijkzicht","Tussenwoning",1959,261,57,182,99000
11493,"Bomenbuurt","2-onder-1 kap",1969,350,97,340,217500
11552,"Rijkzicht","Tussenwoning",1983,283,20,125,150000
11564,"Gein","Tussenwoning",1985,297,16,187,140000
11569,"Rijkzicht","Tussenwoning",1961,251,17,161,115000
11628,"Rijkzicht","Tussenwoning",1920,260,13,80,124000
11629,"Bomenbuurt","Hoekwoning",1967,352,113,237,200000
11641,"Parkbuurt","Vrijstaand",1982,685,132,631,410000
11644,"Parkbuurt","Vrijstaand",1991,274,22,149,180000
11660,"Parkbuurt","Appartement",1979,245,18,100,125000
11717,"Rijkzicht","Tussenwoning",1963,335,40,126,144000
11730,"Rijkzicht","Appartement",1963,276,14,100,105000
11740,"Parkbuurt","Tussenwoning",1969,313,32,152,121000
11757,"Rijkzicht","Tussenwoning",1961,294,32,117,125000
11759,"Rijkzicht","Tussenwoning",1972,398,28,172,139500
11760,"Gein","Tussenwoning",1978,300,60,146,144000
11797,"Rijkzicht","Appartement",1966,225,40,100,112000
11798,"Rijkzicht","Tussenwoning",1960,301,38,147,145000
11823,"Gein","Vrijstaand",1981,717,109,548,442500
11848,"Bloemenbuurt","Tussenwoning",1976,393,52,179,165000
11878,"Rijkzicht","2-onder-1 kap",1915,342,50,441,220000
11886,"Rijkzicht","Tussenwoning",1939,344,17,233,160000
11913,"Bloemenbuurt","Tussenwoning",1975,341,75,150,158000
11920,"Rijkzicht","Tussenwoning",1957,408,22,180,137500
11925,"Parkbuurt","Appartement",1979,200,16,100,89000
11953,"Bomenbuurt","Appartement",1979,200,16,100,95000
11966,"Rijkzicht","Appartement",1980,232,9,100,106000
12010,"Parkbuurt","Tussenwoning",1980,237,12,100,115000
12021,"Bomenbuurt","Hoekwoning",1989,331,124,252,233000
12023,"Rijkzicht","Tussenwoning",1906,548,0,121,190000
12030,"Rijkzicht","2-onder-1 kap",1932,637,118,602,160000
12031,"Rijkzicht","Vrijstaand",1972,393,57,550,265000
12045,"Rijkzicht","Tussenwoning",1964,321,23,149,125000
12067,"Parkbuurt","Tussenwoning",1969,313,32,152,130000
12074,"Rijkzicht","Appartement",1979,192,14,100,120000
12080,"Rijkzicht","Tussenwoning",1900,389,0,126,139000
12086,"Bomenbuurt","Tussenwoning",1981,354,23,166,137500
12087,"Rijkzicht","2-onder-1 kap",1910,525,0,185,110000
12107,"Bomenbuurt","Tussenwoning",1976,333,57,204,167000
12110,"Bomenbuurt","Tussenwoning",1976,362,71,196,175000
12113,"Gein","Tussenwoning",1980,303,57,241,148000
12155,"Parkbuurt","Tussenwoning",1979,387,73,228,190000
12210,"Bomenbuurt","Appartement",1979,200,13,100,105000
12213,"Rijkzicht","2-onder-1 kap",1949,442,0,333,323000
12214,"Bloemenbuurt","Vrijstaand",1989,864,128,987,665000
12241,"Parkbuurt","Hoekwoning",1936,347,18,182,120000
12251,"Rijkzicht","Tussenwoning",1983,283,20,134,130000
12306,"Parkbuurt","Tussenwoning",1975,277,85,162,147500
12307,"Rijkzicht","Tussenwoning",1955,290,40,109,102500
12315,"Bomenbuurt","Tussenwoning",1977,382,21,182,140000
12328,"Rijkzicht","Appartement",1979,166,11,100,95000
12398,"Gein","Tussenwoning",1984,310,20,151,143000
12419,"Parkbuurt","Tussenwoning",1975,354,21,180,150000
12445,"Bomenbuurt","Tussenwoning",1975,354,21,207,190000
12468,"Gein","Tussenwoning",1988,301,71,169,160000
12481,"Gein","Tussenwoning",1963,344,42,245,153000
12483,"Bomenbuurt","Hoekwoning",1988,341,132,233,265000
12490,"Rijkzicht","Tussenwoning",1915,259,19,145,150000
12540,"Rijkzicht","Tussenwoning",1961,251,17,142,110000
12554,"Rijkzicht","Hoekwoning",1959,253,20,443,125000
12568,"Rijkzicht","Appartement",1979,413,29,100,175000
12579,"Rijkzicht","2-onder-1 kap",1920,304,72,318,102000
12601,"Rijkzicht","Tussenwoning",1900,338,0,140,117500
12617,"Parkbuurt","Tussenwoning",1988,314,76,171,180000
12638,"Gein","Hoekwoning",1989,312,117,413,220000
12654,"Parkbuurt","Tussenwoning",1975,368,27,180,156500
12666,"Bomenbuurt","Tussenwoning",1991,306,77,136,147500
12667,"Parkbuurt","Tussenwoning",1983,271,20,163,165000
12692,"Bomenbuurt","Tussenwoning",1982,361,20,176,196000
12715,"Rijkzicht","2-onder-1 kap",1921,1563,0,605,295000
12742,"Rijkzicht","Tussenwoning",1959,330,29,161,145000
12743,"Rijkzicht","Tussenwoning",1963,285,17,126,118750
12777,"Rijkzicht","Tussenwoning",1972,398,28,172,147500
12796,"Rijkzicht","Tussenwoning",1951,457,16,152,161500
12812,"Parkbuurt","Tussenwoning",1988,293,66,140,165000
12819,"Parkbuurt","Tussenwoning",1988,255,56,167,146000
12831,"Parkbuurt","Tussenwoning",1981,327,25,183,161000
12879,"Rijkzicht","Tussenwoning",1927,325,20,85,88000
12914,"Bomenbuurt","Tussenwoning",1967,349,23,150,155000
12924,"Rijkzicht","Tussenwoning",1941,342,22,137,112000
12932,"Rijkzicht","Tussenwoning",1915,370,78,470,95000
12963,"Bomenbuurt","Tussenwoning",1988,268,59,146,155000
12971,"Rijkzicht","Tussenwoning",1936,323,60,164,118000
13006,"Rijkzicht","Appartement",1963,212,20,100,87000
13062,"Bomenbuurt","Tussenwoning",1979,411,67,192,190000
13067,"Rijkzicht","Tussenwoning",1958,325,300,443,135000
13070,"Rijkzicht","Tussenwoning",1964,277,14,144,95000
13076,"Bomenbuurt","Tussenwoning",1968,332,21,158,184000
13081,"Bomenbuurt","Tussenwoning",1977,362,20,138,140000
13089,"Bomenbuurt","Tussenwoning",1977,359,24,179,165000
13092,"Bomenbuurt","Hoekwoning",1972,324,44,163,214000
13139,"Bloemenbuurt","2-onder-1 kap",1986,553,86,450,375000
13209,"Gein","Tussenwoning",1957,287,18,173,132654
13210,"Gein","Tussenwoning",1935,265,18,208,155000
13251,"Bloemenbuurt","Tussenwoning",1984,319,21,162,168000
13258,"Bomenbuurt","Tussenwoning",1989,280,0,140,140000
13266,"Rijkzicht","Appartement",1966,225,20,100,93000
13272,"Rijkzicht","Tussenwoning",1970,349,26,170,133500
13318,"Parkbuurt","Tussenwoning",1984,295,20,167,139000
13329,"Bomenbuurt","Tussenwoning",1976,360,39,163,157500
13336,"Bloemenbuurt","2-onder-1 kap",1873,300,137,200,150000
13350,"Gein","Tussenwoning",1931,274,257,293,160000
13363,"Rijkzicht","Tussenwoning",1963,334,48,114,140000
13416,"Bomenbuurt","Tussenwoning",1979,411,69,231,172500
13521,"Bomenbuurt","Tussenwoning",1935,364,18,107,99000
13543,"Rijkzicht","Appartement",1977,141,14,100,83000
13563,"Parkbuurt","2-onder-1 kap",1976,485,62,405,277000
13583,"Parkbuurt","Tussenwoning",1975,277,27,129,119000
13586,"Gein","2-onder-1 kap",1979,398,64,274,250000
13587,"Rijkzicht","2-onder-1 kap",1977,425,90,400,225000
13594,"Bomenbuurt","Hoekwoning",1986,351,18,220,185000
13597,"Rijkzicht","Tussenwoning",1915,679,0,338,145000
13614,"Parkbuurt","Appartement",1979,200,15,100,99500
13616,"Bomenbuurt","Tussenwoning",1982,361,20,157,149000
13633,"Bomenbuurt","Hoekwoning",1935,302,31,197,190000
13654,"Bloemenbuurt","Tussenwoning",1983,351,23,162,154000
13655,"Bomenbuurt","Tussenwoning",1976,389,19,169,145000
13656,"Bomenbuurt","Vrijstaand",1974,475,66,279,292000
13657,"Parkbuurt","Tussenwoning",1980,283,49,155,153000
13718,"Rijkzicht","Tussenwoning",1959,420,31,177,182500
13742,"Rijkzicht","Tussenwoning",1964,277,14,144,95000
13759,"Parkbuurt","Tussenwoning",1980,354,28,162,155000
13807,"Bomenbuurt","Tussenwoning",1981,354,23,171,169500
13810,"Rijkzicht","Appartement",1979,395,29,100,180000
13815,"Parkbuurt","Tussenwoning",1964,407,21,202,179000
13844,"Rijkzicht","2-onder-1 kap",1927,798,0,389,246000
13846,"Bloemenbuurt","2-onder-1 kap",1975,414,71,327,290000
13852,"Gein","Hoekwoning",1988,313,102,201,200000
13867,"Bomenbuurt","Tussenwoning",1983,351,23,162,142500
13899,"Rijkzicht","Appartement",1979,166,11,100,97500
13909,"Bomenbuurt","Hoekwoning",1973,390,72,287,238850
13936,"Rijkzicht","Appartement",1979,364,26,100,190000
13959,"Rijkzicht","Appartement",1965,199,19,100,92500
13974,"Gein","Hoekwoning",1986,340,44,226,216750
13980,"Bomenbuurt","Hoekwoning",1959,317,63,273,200000
14004,"Gein","2-onder-1 kap",1915,323,27,171,130000
14015,"Bomenbuurt","Tussenwoning",1977,317,18,144,145000
14035,"Parkbuurt","Appartement",1991,316,0,300,265000
14065,"Bomenbuurt","Tussenwoning",1989,301,68,200,152500
14099,"Parkbuurt","Tussenwoning",1974,384,49,177,160000
14108,"Bloemenbuurt","Tussenwoning",1964,326,41,195,184000
14142,"Bomenbuurt","Tussenwoning",1983,300,22,167,132000
14201,"Rijkzicht","Vrijstaand",1972,470,51,588,328250
14202,"Bloemenbuurt","Tussenwoning",1976,263,24,138,137000
14210,"Bloemenbuurt","Tussenwoning",1969,313,32,152,106500
14223,"Rijkzicht","Tussenwoning",1982,319,16,111,120000
14228,"Bomenbuurt","2-onder-1 kap",1966,385,84,335,198000
14268,"Bomenbuurt","Hoekwoning",1939,376,52,255,101500
14276,"Rijkzicht","Tussenwoning",1910,290,34,85,85000
14277,"Bomenbuurt","Vrijstaand",1987,563,73,525,373000
14280,"Rijkzicht","2-onder-1 kap",1936,471,81,313,214000
14294,"Bloemenbuurt","Tussenwoning",1987,295,71,130,149000
14304,"Rijkzicht","Tussenwoning",1940,305,23,151,125000
14308,"Rijkzicht","Tussenwoning",1983,283,20,139,140000
14326,"Rijkzicht","2-onder-1 kap",1950,391,0,172,100000
14334,"Bomenbuurt","Hoekwoning",1986,322,27,227,163000
14349,"Gein","Tussenwoning",1986,333,21,172,150000
14352,"Rijkzicht","Tussenwoning",1964,277,14,146,85000
14360,"Rijkzicht","Hoekwoning",1927,402,89,155,129000
14372,"Parkbuurt","2-onder-1 kap",1933,395,29,240,210000
14413,"Parkbuurt","Tussenwoning",1975,277,27,129,135000
14552,"Bomenbuurt","Hoekwoning",1986,351,18,236,168000
14553,"Bomenbuurt","Tussenwoning",1969,388,74,159,162000
14566,"Bomenbuurt","2-onder-1 kap",1937,345,27,187,80000
14577,"Gein","Tussenwoning",1908,402,20,219,185000
14642,"Rijkzicht","Tussenwoning",1959,301,21,139,102500
14647,"Bomenbuurt","Appartement",1979,245,13,100,129000
14652,"Bomenbuurt","Tussenwoning",1984,298,19,162,135000
14693,"Rijkzicht","Appartement",1965,199,13,100,105000
14714,"Bloemenbuurt","Tussenwoning",1977,346,24,172,185000
14729,"Bloemenbuurt","Tussenwoning",1969,329,25,165,128000
14733,"Rijkzicht","Tussenwoning",1964,277,14,150,90000
14804,"Rijkzicht","Hoekwoning",1939,442,48,302,213000
14823,"Rijkzicht","Tussenwoning",1959,340,19,247,150000
14837,"Parkbuurt","Tussenwoning",1987,285,100,187,159000
14843,"Rijkzicht","2-onder-1 kap",1915,212,82,223,40000
14847,"Rijkzicht","Appartement",1980,232,13,100,122500
14857,"Bomenbuurt","2-onder-1 kap",1992,639,223,488,435000
14870,"Bomenbuurt","Tussenwoning",1980,283,49,155,165000
14876,"Rijkzicht","2-onder-1 kap",1935,813,77,823,465000
14892,"Rijkzicht","Tussenwoning",1935,334,0,78,107500
14915,"Bomenbuurt","Tussenwoning",1969,313,32,152,118000
14938,"Rijkzicht","Tussenwoning",1915,307,40,180,134000
15018,"Bloemenbuurt","Vrijstaand",1991,274,22,149,180000
15033,"Rijkzicht","Appartement",1979,166,11,100,90000
15046,"Parkbuurt","Tussenwoning",1959,267,19,94,115000
15059,"Parkbuurt","Vrijstaand",1989,480,50,304,365000
15074,"Bomenbuurt","2-onder-1 kap",1925,476,0,310,95000
15085,"Bomenbuurt","Hoekwoning",1991,386,119,233,242500
15096,"Bomenbuurt","Hoekwoning",1938,351,25,270,76000
15145,"Rijkzicht","Tussenwoning",1959,385,44,290,168000
15146,"Rijkzicht","Appartement",1966,199,15,100,105000
15207,"Rijkzicht","Tussenwoning",1900,374,30,265,70000
15233,"Rijkzicht","Tussenwoning",1908,355,22,102,70000
15263,"Bomenbuurt","Tussenwoning",1979,365,52,227,213000
15266,"Rijkzicht","Tussenwoning",1964,321,23,193,125000
15289,"Rijkzicht","Appartement",1963,212,20,100,79000
15307,"Bomenbuurt","Tussenwoning",1983,271,20,176,147500
15322,"Gein","Tussenwoning",1980,496,58,255,194000
15331,"Bomenbuurt","Hoekwoning",1989,367,139,241,229500
15344,"Bomenbuurt","Hoekwoning",1988,284,84,283,204000
15383,"Parkbuurt","Vrijstaand",1991,274,22,149,180000
15385,"Bomenbuurt","2-onder-1 kap",1925,409,43,248,245000
15415,"Bloemenbuurt","Tussenwoning",1981,298,27,159,140000
15422,"Rijkzicht","2-onder-1 kap",1915,342,50,441,210000
15429,"Parkbuurt","Tussenwoning",1979,417,81,226,242000
15430,"Bomenbuurt","Tussenwoning",1928,335,29,100,136500
15432,"Rijkzicht","Tussenwoning",1973,296,68,98,170000
15456,"Rijkzicht","Tussenwoning",1964,251,17,137,105000
15484,"Rijkzicht","Tussenwoning",1964,277,14,150,90000
15512,"Rijkzicht","Hoekwoning",1972,425,61,253,191000
15547,"Rijkzicht","Appartement",1978,386,27,100,145000
15587,"Bloemenbuurt","Tussenwoning",1927,366,0,151,130000
15591,"Parkbuurt","Tussenwoning",1971,326,31,153,133000
15610,"Rijkzicht","Tussenwoning",1894,200,0,112,75000
15635,"Rijkzicht","Tussenwoning",1962,331,26,237,150000
15651,"Gein","2-onder-1 kap",1977,465,52,368,320000
15714,"Gein","2-onder-1 kap",1987,433,117,430,307500
15720,"Rijkzicht","Hoekwoning",1925,350,19,153,77000
15745,"Rijkzicht","Tussenwoning",1915,447,0,204,125000
15798,"Parkbuurt","Tussenwoning",1972,377,50,124,141000
15829,"Parkbuurt","2-onder-1 kap",1937,372,0,191,145000
15845,"Rijkzicht","Tussenwoning",1928,327,21,87,100000
15877,"Bloemenbuurt","Tussenwoning",1991,298,77,143,155000
15954,"Parkbuurt","Vrijstaand",1966,893,131,1086,590000
15987,"Rijkzicht","Appartement",1963,138,14,100,58000
15994,"Gein","Hoekwoning",1989,346,119,221,210000
15995,"Parkbuurt","Hoekwoning",1986,298,84,238,170500
16033,"Gein","Appartement",1966,240,15,100,90000
16045,"Gein","Hoekwoning",1939,470,56,149,207500
16056,"Parkbuurt","Vrijstaand",1979,462,196,559,275000
16064,"Rijkzicht","Tussenwoning",1973,351,25,174,140000
16080,"Rijkzicht","Appartement",1965,225,26,100,119000
16087,"Rijkzicht","Appartement",1965,225,13,100,92500
16093,"Rijkzicht","Tussenwoning",1983,283,20,144,132500
16103,"Rijkzicht","Tussenwoning",1947,350,18,249,125000
16111,"Bomenbuurt","Tussenwoning",1974,277,27,157,130000
16119,"Rijkzicht","Tussenwoning",1924,370,25,245,142500
16127,"Bomenbuurt","Tussenwoning",1930,390,129,304,132500
16128,"Rijkzicht","Appartement",1963,319,14,100,118000
16166,"Rijkzicht","Tussenwoning",1961,331,29,147,115000
16167,"Rijkzicht","Tussenwoning",1962,279,20,125,100000
16170,"Rijkzicht","Tussenwoning",1973,456,23,158,157000
16195,"Bomenbuurt","Tussenwoning",1989,295,78,142,145500
16213,"Parkbuurt","Tussenwoning",1980,294,23,159,140000
16235,"Gein","Tussenwoning",1982,349,20,151,158000
16253,"Parkbuurt","Tussenwoning",1979,411,69,205,182000
16270,"Rijkzicht","Hoekwoning",1972,425,61,253,225000
16273,"Rijkzicht","Tussenwoning",1972,327,26,128,155000
16274,"Parkbuurt","Tussenwoning",1909,350,50,229,135000
16275,"Bomenbuurt","Tussenwoning",1975,277,38,130,128000
16285,"Bomenbuurt","Appartement",1979,245,18,100,102500
16304,"Rijkzicht","Tussenwoning",1907,266,24,125,110000
16307,"Rijkzicht","Tussenwoning",1956,354,13,148,130000
16318,"Bloemenbuurt","Tussenwoning",1981,304,27,163,179600
16324,"Rijkzicht","Hoekwoning",1972,452,54,284,247500
16349,"Rijkzicht","Tussenwoning",1962,334,68,152,153500
16356,"Rijkzicht","Tussenwoning",1915,181,45,165,130000
16365,"Bomenbuurt","Tussenwoning",1978,357,18,159,147000
16405,"Bomenbuurt","Vrijstaand",1970,372,71,316,200000
16411,"Bomenbuurt","Tussenwoning",1976,384,31,185,165000
16421,"Parkbuurt","Tussenwoning",1979,359,28,140,160000
16455,"Gein","Hoekwoning",1987,301,91,232,190000
16472,"Rijkzicht","Appartement",1963,185,20,100,69500
16520,"Rijkzicht","Tussenwoning",1915,441,30,162,110000
16533,"Rijkzicht","Tussenwoning",1959,341,33,143,135000
16544,"Bomenbuurt","2-onder-1 kap",1980,651,54,488,370000
16545,"Bomenbuurt","Hoekwoning",1962,362,18,191,147000
16576,"Parkbuurt","2-onder-1 kap",1941,372,22,160,95000
16588,"Rijkzicht","Tussenwoning",1956,304,25,144,130000
16597,"Gein","Tussenwoning",1983,345,58,302,210000
16603,"Rijkzicht","Appartement",1980,155,9,100,74000
16645,"Rijkzicht","Appartement",1979,413,29,200,240000
16668,"Bloemenbuurt","Tussenwoning",1983,265,20,167,122000
16669,"Bomenbuurt","Hoekwoning",1989,380,108,241,270000
16690,"Gein","Tussenwoning",1983,240,45,189,155000
16692,"Parkbuurt","Hoekwoning",1931,316,93,363,148000
16700,"Rijkzicht","Appartement",1965,225,26,100,105000
16721,"Bomenbuurt","Tussenwoning",1981,354,23,171,145000
16734,"Rijkzicht","Tussenwoning",1941,324,15,125,119000
16738,"Rijkzicht","Appartement",1965,225,26,100,142500
16747,"Rijkzicht","Tussenwoning",1964,321,23,177,130000
16757,"Parkbuurt","Appartement",1966,208,15,100,89500
16763,"Parkbuurt","Tussenwoning",1979,361,20,183,167500
16768,"Bomenbuurt","Tussenwoning",1975,354,21,182,139000
16778,"Rijkzicht","Appartement",1978,418,29,100,240000
16820,"Rijkzicht","Hoekwoning",1900,297,0,131,108000
16821,"Bomenbuurt","Vrijstaand",1980,949,105,885,550000
16861,"Bloemenbuurt","Vrijstaand",1991,274,22,149,187500
16900,"Rijkzicht","Appartement",1979,162,12,100,82500
16914,"Bomenbuurt","Hoekwoning",1984,349,50,265,210000
16924,"Bomenbuurt","Vrijstaand",1980,549,92,450,380000
16925,"Rijkzicht","Appartement",1965,225,26,100,107000
16934,"Bomenbuurt","Tussenwoning",1979,417,69,235,210000
16946,"Rijkzicht","2-onder-1 kap",1915,319,18,184,118000
17076,"Gein","Tussenwoning",1986,333,58,167,165000
17097,"Rijkzicht","2-onder-1 kap",1918,262,18,225,105000
17113,"Rijkzicht","Tussenwoning",1971,361,61,158,149000
17122,"Rijkzicht","Hoekwoning",1972,420,58,271,255000
17123,"Bomenbuurt","Hoekwoning",1987,301,91,232,204000
17158,"Bomenbuurt","Tussenwoning",1974,357,26,203,160000
17183,"Rijkzicht","Tussenwoning",1959,401,34,259,160000
17220,"Gein","Hoekwoning",1987,413,43,261,188000
17270,"Bomenbuurt","Tussenwoning",1983,338,61,250,225000
17314,"Rijkzicht","Tussenwoning",1964,277,14,132,95000
17339,"Parkbuurt","Tussenwoning",1981,323,30,162,150000
17351,"Bomenbuurt","Tussenwoning",1971,326,31,149,135000
17370,"Bomenbuurt","Hoekwoning",1968,317,57,244,200000
17391,"Bomenbuurt","Hoekwoning",1971,470,90,332,215000
17397,"Rijkzicht","Tussenwoning",1934,360,44,113,120000
17427,"Bomenbuurt","Tussenwoning",1932,383,31,190,170500
17439,"Rijkzicht","Tussenwoning",1959,310,20,159,95000
17447,"Rijkzicht","Hoekwoning",1956,412,25,160,187000
17464,"Parkbuurt","Tussenwoning",1983,240,23,189,140000
17521,"Rijkzicht","Tussenwoning",1915,338,0,127,97000
17522,"Rijkzicht","Tussenwoning",1915,515,0,124,85000
17537,"Rijkzicht","Tussenwoning",1935,481,36,118,127000
17566,"Parkbuurt","Vrijstaand",1968,382,79,874,335000
17571,"Bomenbuurt","Tussenwoning",1957,300,21,138,134000
17629,"Rijkzicht","Tussenwoning",1936,314,17,95,107500
17632,"Bomenbuurt","Tussenwoning",1977,326,26,175,160000
17643,"Bomenbuurt","Tussenwoning",1977,358,26,144,147500
17704,"Rijkzicht","Tussenwoning",1941,324,15,165,125000
17717,"Gein","2-onder-1 kap",1987,413,76,283,260000
17734,"Rijkzicht","Tussenwoning",1962,332,69,152,163500
17800,"Gein","Tussenwoning",1980,356,47,153,175000
17814,"Parkbuurt","Hoekwoning",1985,312,65,257,163000
17824,"Rijkzicht","Tussenwoning",1984,347,50,144,152500
17857,"Bomenbuurt","Tussenwoning",1979,361,20,164,199500
17911,"Rijkzicht","Tussenwoning",1930,356,41,284,105000
17937,"Parkbuurt","2-onder-1 kap",1972,429,61,950,295000
17941,"Rijkzicht","Tussenwoning",1972,327,26,128,137500
17945,"Bomenbuurt","Tussenwoning",1976,363,42,179,160000
17953,"Parkbuurt","Tussenwoning",1972,377,50,124,163500
17955,"Rijkzicht","Hoekwoning",1926,350,29,238,95000
17966,"Parkbuurt","Vrijstaand",1987,450,53,315,305000
17983,"Parkbuurt","Tussenwoning",1975,282,27,141,132000
18000,"Rijkzicht","Tussenwoning",1972,327,26,128,144500
18001,"Bomenbuurt","Tussenwoning",1915,276,0,229,113500
18013,"Rijkzicht","Hoekwoning",1972,420,58,302,240000
18030,"Rijkzicht","Tussenwoning",1971,408,20,158,152000
18039,"Rijkzicht","2-onder-1 kap",1930,343,40,140,85000
18052,"Bomenbuurt","Tussenwoning",1976,480,62,370,250000
18066,"Rijkzicht","Appartement",1979,162,12,100,79500
18075,"Gein","Hoekwoning",1985,326,80,263,210000
18079,"Rijkzicht","2-onder-1 kap",1967,430,141,368,313500
18085,"Rijkzicht","2-onder-1 kap",1915,346,80,165,103000
18114,"Rijkzicht","Tussenwoning",1964,277,14,146,90000
18138,"Gein","Tussenwoning",1975,354,21,177,122500
18141,"Rijkzicht","Vrijstaand",1972,475,52,600,316000
18151,"Bomenbuurt","Tussenwoning",1983,338,61,250,150000
18201,"Rijkzicht","Vrijstaand",1972,279,14,210,140000
18204,"Parkbuurt","Tussenwoning",1977,353,61,198,175000
18224,"Rijkzicht","Tussenwoning",1915,330,26,177,107000
18260,"Parkbuurt","Tussenwoning",1976,268,24,144,140000
18261,"Bloemenbuurt","Hoekwoning",1972,324,52,247,190000
18284,"Rijkzicht","Appartement",1965,199,13,100,128500
18285,"Bomenbuurt","2-onder-1 kap",1977,506,60,358,290500
18287,"Bomenbuurt","2-onder-1 kap",1979,682,105,540,332500
18305,"Parkbuurt","Tussenwoning",1985,285,17,137,135000
18336,"Bomenbuurt","Appartement",1979,200,15,100,98000
18350,"Rijkzicht","Tussenwoning",1973,414,25,175,178000
18357,"Rijkzicht","Tussenwoning",1963,299,17,152,116500
18360,"Bomenbuurt","Hoekwoning",1976,437,62,311,272500
18377,"Rijkzicht","Tussenwoning",1920,433,36,155,98500
18379,"Bomenbuurt","Tussenwoning",1988,296,75,154,137000
18398,"Bomenbuurt","Tussenwoning",1980,349,31,162,161000
18399,"Gein","Tussenwoning",1924,520,211,183,110000
18408,"Rijkzicht","Appartement",1966,199,15,100,85000
18421,"Bomenbuurt","Tussenwoning",1980,620,54,292,272500
18453,"Bloemenbuurt","Hoekwoning",1979,442,68,277,220000
18529,"Bomenbuurt","Tussenwoning",1976,384,31,185,159000
18536,"Rijkzicht","Appartement",1979,395,29,100,210000
18544,"Rijkzicht","Tussenwoning",1915,220,0,141,50000
18574,"Gein","Tussenwoning",1967,349,40,183,145000
18596,"Rijkzicht","2-onder-1 kap",1948,331,31,254,152500
18605,"Rijkzicht","Tussenwoning",1896,389,29,127,91000
18645,"Rijkzicht","Hoekwoning",1937,482,0,205,175000
18647,"Bomenbuurt","Tussenwoning",1979,354,28,147,140000
18667,"Rijkzicht","2-onder-1 kap",1989,470,78,126,200000
18681,"Bloemenbuurt","Tussenwoning",1986,325,18,130,145000
18697,"Bomenbuurt","Tussenwoning",1977,324,18,137,157500
18724,"Bomenbuurt","Tussenwoning",1978,264,20,140,130000
18737,"Parkbuurt","Tussenwoning",1975,354,21,157,153000
18747,"Rijkzicht","Tussenwoning",1892,318,0,77,130000
18763,"Rijkzicht","Tussenwoning",1972,327,26,128,145000
18766,"Rijkzicht","Tussenwoning",1922,316,58,154,115000
18810,"Rijkzicht","2-onder-1 kap",1930,264,39,164,96000
18812,"Bomenbuurt","2-onder-1 kap",1979,535,114,450,335000
18813,"Bomenbuurt","2-onder-1 kap",1938,373,67,163,130000
18830,"Rijkzicht","Appartement",1977,146,14,100,85000
18850,"Rijkzicht","2-onder-1 kap",1870,817,370,245,275000
18874,"Rijkzicht","2-onder-1 kap",1930,343,40,140,98000
18875,"Rijkzicht","Appartement",1965,199,13,100,130000
18887,"Bomenbuurt","Vrijstaand",1968,1325,0,1310,505000
18905,"Bomenbuurt","Tussenwoning",1976,258,26,160,123000
18911,"Bloemenbuurt","Tussenwoning",1959,267,19,99,125000
18929,"Bomenbuurt","Tussenwoning",1976,333,57,222,170000
19008,"Rijkzicht","Appartement",1979,162,12,100,98000
19021,"Bomenbuurt","2-onder-1 kap",1929,261,30,187,147000
19043,"Bomenbuurt","Vrijstaand",1968,646,121,818,336500
19046,"Rijkzicht","Tussenwoning",1964,277,14,144,100000
19053,"Gein","Tussenwoning",1980,612,54,254,260000
19063,"Rijkzicht","Tussenwoning",1973,350,24,149,157000
19077,"Bomenbuurt","Tussenwoning",1976,393,52,174,169000
19096,"Rijkzicht","Tussenwoning",1986,326,14,136,161500
19101,"Rijkzicht","Appartement",1979,192,14,100,111600
19130,"Bomenbuurt","Tussenwoning",1990,436,105,282,270000
19143,"Rijkzicht","Tussenwoning",1982,319,16,114,125000
19163,"Rijkzicht","Tussenwoning",1930,259,21,196,120000
19166,"Bomenbuurt","Tussenwoning",1977,371,19,149,167000
19172,"Rijkzicht","Appartement",1980,232,13,100,95000
19185,"Gein","Tussenwoning",1981,360,23,177,141000
19201,"Rijkzicht","Tussenwoning",1964,321,23,119,139000
19219,"Bomenbuurt","Tussenwoning",1989,301,68,225,172500
19345,"Parkbuurt","Tussenwoning",1976,387,23,150,164000
19371,"Gein","Hoekwoning",1986,339,54,172,162000
19407,"Rijkzicht","Hoekwoning",1963,319,136,278,121000
19424,"Parkbuurt","2-onder-1 kap",1937,314,60,144,149500
19481,"Bloemenbuurt","Tussenwoning",1932,350,0,178,119000
19488,"Parkbuurt","2-onder-1 kap",1988,432,161,492,282500
19496,"Bomenbuurt","Hoekwoning",1986,345,46,259,199000
19498,"Bomenbuurt","Vrijstaand",1978,700,145,864,425000
19534,"Bomenbuurt","Tussenwoning",1990,313,118,179,179000
19541,"Bomenbuurt","2-onder-1 kap",1974,387,81,350,225000
19565,"Rijkzicht","Tussenwoning",1910,348,15,286,105000
19579,"Rijkzicht","Tussenwoning",1964,372,23,220,115000
19621,"Bomenbuurt","Hoekwoning",1989,312,117,246,195100
19648,"Parkbuurt","Hoekwoning",1939,356,20,180,159000
19649,"Bomenbuurt","Hoekwoning",1987,301,91,234,193000
19686,"Parkbuurt","Tussenwoning",1969,329,25,163,125000
19693,"Parkbuurt","Tussenwoning",1989,293,68,170,160000
19706,"Gein","Tussenwoning",1980,356,47,153,150000
19742,"Parkbuurt","Tussenwoning",1935,364,18,149,139000
19752,"Rijkzicht","Hoekwoning",1925,350,19,166,100000
19778,"Rijkzicht","Tussenwoning",1930,259,21,196,99000
19781,"Bomenbuurt","2-onder-1 kap",1966,309,76,339,225000
19786,"Rijkzicht","Tussenwoning",1972,456,23,157,150000
19846,"Gein","Tussenwoning",1957,317,21,142,113000
19847,"Bomenbuurt","Tussenwoning",1967,350,21,154,142500
19848,"Bomenbuurt","Hoekwoning",1986,390,49,185,170000
19864,"Bomenbuurt","2-onder-1 kap",1966,379,67,367,215000
19887,"Rijkzicht","Tussenwoning",1915,206,0,92,125000
19904,"Parkbuurt","Tussenwoning",1977,317,18,144,145000
19921,"Bomenbuurt","Tussenwoning",1984,295,20,181,147500
19928,"Parkbuurt","Hoekwoning",1950,311,89,195,179000
19946,"Bomenbuurt","Vrijstaand",1991,275,22,192,187500
19970,"Parkbuurt","2-onder-1 kap",1936,419,0,211,235000
19998,"Gein","Tussenwoning",1992,284,63,155,155000
20003,"Rijkzicht","Tussenwoning",1976,506,305,530,212000
20019,"Bomenbuurt","Vrijstaand",1980,602,86,645,350000
20065,"Bloemenbuurt","Tussenwoning",1976,365,19,165,150000
20069,"Rijkzicht","Appartement",1963,167,20,100,65000
20092,"Rijkzicht","Tussenwoning",1956,304,65,149,105000
20095,"Rijkzicht","Tussenwoning",1922,321,0,180,123000
20099,"Rijkzicht","Appartement",1979,162,12,100,75000
20116,"Parkbuurt","Tussenwoning",1988,301,92,233,164000
20143,"Rijkzicht","Appartement",1963,212,33,100,85000
20147,"Rijkzicht","Tussenwoning",1948,1437,0,276,400000
20148,"Parkbuurt","Tussenwoning",1975,328,19,158,142500
20157,"Rijkzicht","Tussenwoning",1964,321,23,150,136000
20185,"Bomenbuurt","Hoekwoning",1987,342,109,282,170000
20201,"Rijkzicht","Tussenwoning",1941,350,38,260,150000
20213,"Parkbuurt","Appartement",1979,205,14,100,115000
20219,"Gein","Hoekwoning",1986,322,27,191,150000
20246,"Parkbuurt","Tussenwoning",1980,363,77,180,177000
20267,"Rijkzicht","Tussenwoning",1955,292,36,122,139000
20275,"Parkbuurt","Vrijstaand",1980,481,111,588,353000
20300,"Rijkzicht","2-onder-1 kap",1937,336,193,282,90000
20303,"Rijkzicht","2-onder-1 kap",1926,464,0,238,157000
20308,"Rijkzicht","Tussenwoning",1915,441,30,162,135000
20309,"Bloemenbuurt","Tussenwoning",1981,323,25,162,165000
20336,"Parkbuurt","Hoekwoning",1970,476,90,336,225000
20354,"Rijkzicht","2-onder-1 kap",1903,355,56,169,168000
20356,"Rijkzicht","Tussenwoning",1964,321,23,116,105000
20357,"Rijkzicht","Appartement",1977,146,70,100,102500
20363,"Rijkzicht","Tussenwoning",1920,214,0,57,95000
20386,"Parkbuurt","Tussenwoning",1976,398,52,205,180000
20395,"Bomenbuurt","Tussenwoning",1980,237,12,114,114000
20404,"Parkbuurt","Hoekwoning",1986,351,18,280,225000
20442,"Parkbuurt","Hoekwoning",1980,400,78,194,260000
20454,"Rijkzicht","Tussenwoning",1956,323,25,130,118280
20456,"Bomenbuurt","Tussenwoning",1979,365,52,227,182000
20458,"Bomenbuurt","Tussenwoning",1984,300,20,189,181250
20463,"Rijkzicht","2-onder-1 kap",1953,468,62,478,240000
20465,"Parkbuurt","Appartement",1979,393,13,100,125000
20521,"Gein","2-onder-1 kap",1928,643,0,132,170000
20547,"Parkbuurt","Tussenwoning",1972,317,23,118,145000
20560,"Bomenbuurt","2-onder-1 kap",1978,680,100,586,415000
20566,"Rijkzicht","Tussenwoning",1915,324,29,125,100000
20605,"Rijkzicht","Tussenwoning",1920,246,56,160,120000
20624,"Parkbuurt","Tussenwoning",1984,325,19,148,150000
20638,"Rijkzicht","Tussenwoning",1973,350,24,149,162500
20643,"Bomenbuurt","Tussenwoning",1979,387,52,244,195000
20662,"Rijkzicht","Tussenwoning",1981,317,40,121,149000
20676,"Bomenbuurt","Hoekwoning",1988,448,64,418,284000
20717,"Rijkzicht","2-onder-1 kap",1950,607,21,743,370000
20755,"Rijkzicht","Appartement",1963,212,33,100,67500
20771,"Parkbuurt","Tussenwoning",1983,351,23,189,185000
20773,"Gein","Tussenwoning",1981,323,25,160,139500
20808,"Bomenbuurt","Hoekwoning",1988,284,84,282,234000
20813,"Bloemenbuurt","Tussenwoning",1927,313,30,189,100000
20866,"Parkbuurt","Tussenwoning",1926,301,17,122,75000
20873,"Rijkzicht","Hoekwoning",1936,1074,149,773,400000
20924,"Gein","Tussenwoning",1989,280,0,140,147000
20929,"Rijkzicht","Tussenwoning",1964,321,23,119,115000
20973,"Rijkzicht","Tussenwoning",1956,372,14,176,150000
21028,"Rijkzicht","Tussenwoning",1964,321,23,111,132500
21040,"Parkbuurt","Hoekwoning",1991,386,120,234,240000
21044,"Rijkzicht","Tussenwoning",1973,350,24,150,142500
21061,"Rijkzicht","Tussenwoning",1939,344,80,223,175000
21098,"Bomenbuurt","Tussenwoning",1969,313,32,152,150000
21099,"Gein","2-onder-1 kap",1915,489,433,640,185000
21202,"Bloemenbuurt","Tussenwoning",1977,367,27,155,146500
21235,"Bloemenbuurt","Tussenwoning",1975,282,27,141,117500
21236,"Rijkzicht","Tussenwoning",1961,340,44,333,145000
21244,"Rijkzicht","Tussenwoning",1961,251,17,142,125000
21271,"Rijkzicht","Hoekwoning",1906,236,39,92,82500
21287,"Rijkzicht","Tussenwoning",1983,291,20,143,150000
21310,"Rijkzicht","Appartement",1980,232,15,100,95000
21312,"Parkbuurt","Tussenwoning",1976,333,81,204,192500
21374,"Gein","Hoekwoning",1986,324,46,237,207500
21384,"Rijkzicht","Tussenwoning",1964,321,23,147,136500
21385,"Rijkzicht","Hoekwoning",1938,626,16,234,330000
21386,"Rijkzicht","Tussenwoning",1935,434,66,241,110200
21389,"Parkbuurt","Tussenwoning",1960,294,17,196,99000
21402,"Rijkzicht","Tussenwoning",1964,277,14,144,89000
21417,"Parkbuurt","Appartement",1979,205,17,100,110000
21418,"Rijkzicht","Tussenwoning",1964,325,76,137,125000
