{"metadata":{"asset_id":"6887b817-8126-4ee4-8e2a-e1301205a0b0","asset_attributes":["data_asset"],"name":"hotelSatisfaction.csv","asset_type":"data_asset","created_at":"2023-12-11T21:16:57Z","description":"","origin_country":"us","owner_id":"1000330999","project_id":"9c590b1d-b987-4b44-8e0b-a060722dbbbb","size":58105,"tags":[],"usage":{"last_update_time":1702329417340,"last_updated_at":"2023-12-11T21:16:57Z"}},"entity":{"data_asset":{"mime_type":"text/csv","dataset":false}},"attachments":[{"id":"89d03bf9-8538-4375-96e4-fcd163eaf460","version":2,"asset_type":"data_asset","name":"hotelSatisfaction.csv","mime":"text/csv","datasource_type":"81bafdbd-b7c6-45c5-a4fd-6ec135f66f4e","object_key":"data_asset/hotelSatisfaction.csv","creator_id":"icp4d-dev","create_time":1702329417299,"size":58105,"is_remote":false,"is_managed":false,"is_referenced":true,"is_object_key_read_only":true,"is_user_provided_path_key":true,"transfer_complete":true,"is_partitioned":false,"complete_time_ticks":1702329417299,"user_data":{},"test_doc":0,"handle":{"type":"assetfiles","key":"data_asset/hotelSatisfaction.csv","upload_id":"done","max_part_num":1},"usage":{"access_count":0,"last_accessor_id":"icp4d-dev","last_access_time":1702329417299}}]}