{"metadata":{"asset_id":"cf028d00-94a6-4f39-8487-ebebcd6c806f","asset_attributes":["data_asset"],"name":"hotelSatisfaction.xlsx","asset_type":"data_asset","created_at":"2021-05-07T18:52:37Z","description":"","origin_country":"us","owner_id":"1000330999","project_id":"43905fdc-539c-4831-b7ed-885319e27603","size":44004,"tags":[],"usage":{"last_update_time":1620413557820,"last_updated_at":"2021-05-07T18:52:37Z"}},"entity":{"data_asset":{"mime_type":"application/vnd.openxmlformats-officedocument.spreadsheetml.sheet","dataset":false}},"attachments":[{"id":"698c492a-3eb6-46ce-a0f9-08b2e8486929","version":2,"asset_type":"data_asset","name":"hotelSatisfaction.xlsx","mime":"application/vnd.openxmlformats-officedocument.spreadsheetml.sheet","datasource_type":"81bafdbd-b7c6-45c5-a4fd-6ec135f66f4e","object_key":"data_asset/hotelSatisfaction.xlsx","creator_id":"1000330999","create_time":1620413557820,"size":44004,"is_remote":false,"is_managed":false,"is_referenced":true,"is_object_key_read_only":true,"is_user_provided_path_key":true,"transfer_complete":true,"is_partitioned":false,"complete_time_ticks":1620413557820,"user_data":{},"test_doc":0,"handle":{"key":"data_asset/hotelSatisfaction.xlsx","upload_id":"done","max_part_num":1},"usage":{"access_count":0,"last_accessor_id":"1000330999","last_access_time":1620413557820}}]}