{"metadata":{"asset_id":"01812633-5891-4344-b53e-8ff7f5ad4687","asset_attributes":["data_asset"],"name":"hotelSatisfaction.xlsx","asset_type":"data_asset","created_at":"2023-12-11T21:16:57Z","description":"","origin_country":"us","owner_id":"1000330999","project_id":"9c590b1d-b987-4b44-8e0b-a060722dbbbb","size":44004,"tags":[],"usage":{"last_update_time":1702329417354,"last_updated_at":"2023-12-11T21:16:57Z"}},"entity":{"data_asset":{"mime_type":"application/vnd.openxmlformats-officedocument.spreadsheetml.sheet","dataset":false}},"attachments":[{"id":"89071ed8-8484-48ed-af12-ee192c3550db","version":2,"asset_type":"data_asset","name":"hotelSatisfaction.xlsx","mime":"application/vnd.openxmlformats-officedocument.spreadsheetml.sheet","datasource_type":"81bafdbd-b7c6-45c5-a4fd-6ec135f66f4e","object_key":"data_asset/hotelSatisfaction.xlsx","creator_id":"icp4d-dev","create_time":1702329417297,"size":44004,"is_remote":false,"is_managed":false,"is_referenced":true,"is_object_key_read_only":true,"is_user_provided_path_key":true,"transfer_complete":true,"is_partitioned":false,"complete_time_ticks":1702329417297,"user_data":{},"test_doc":0,"handle":{"type":"assetfiles","key":"data_asset/hotelSatisfaction.xlsx","upload_id":"done","max_part_num":1},"usage":{"access_count":0,"last_accessor_id":"icp4d-dev","last_access_time":1702329417297}}]}