{"metadata":{"asset_id":"0e628e59-024c-4c4e-91a7-324cc330ab6e","asset_attributes":["data_asset"],"name":"hotelSatisfaction.csv","asset_type":"data_asset","created_at":"2021-05-07T18:52:38Z","description":"","origin_country":"us","owner_id":"1000330999","project_id":"43905fdc-539c-4831-b7ed-885319e27603","size":58105,"tags":[],"usage":{"last_update_time":1620413558528,"last_updated_at":"2021-05-07T18:52:38Z"}},"entity":{"data_asset":{"mime_type":"text/csv","dataset":false}},"attachments":[{"id":"65849d1c-45e3-4904-850f-78119c1a7075","version":2,"asset_type":"data_asset","name":"hotelSatisfaction.csv","mime":"text/csv","datasource_type":"81bafdbd-b7c6-45c5-a4fd-6ec135f66f4e","object_key":"data_asset/hotelSatisfaction.csv","creator_id":"1000330999","create_time":1620413558528,"size":58105,"is_remote":false,"is_managed":false,"is_referenced":true,"is_object_key_read_only":true,"is_user_provided_path_key":true,"transfer_complete":true,"is_partitioned":false,"complete_time_ticks":1620413558528,"user_data":{},"test_doc":0,"handle":{"key":"data_asset/hotelSatisfaction.csv","upload_id":"done","max_part_num":1},"usage":{"access_count":0,"last_accessor_id":"1000330999","last_access_time":1620413558528}}]}