[{"name":"HotelSatisfaction","description":"Run%20the%20flow%20to%20launch%20the%20Interactive%20Workbench.%20In%20this%20example%2C%20a%20hotel%20manager%20is%20interested%20in%20learning%20what%20customers%20think%20about%20the%20hotel.%20The%20flow%20uses%20Text%20Analytics%20nodes%20to%20analyze%20fictional%20text%20data%20about%20hotel%20personnel%2C%20comfort%2C%20cleanliness%2C%20price%2C%20etc.","origin_country":"us","asset_type":"machine-learning-stream","entity":{"machine-learning-stream":{"path":"/v1/ml-streams","properties":{"runtime":"spss-modeler","lock":{}},"flow_type":"spss"},"machine-learning-canvas-flow":{"properties":{}}},"attachments":[{"object_key":"machine-learning-stream/b288322e-fad5-4016-b60b-c9f186d883ca","asset_type":"machine-learning-canvas-flow","user_data":{}}]}]