{"metadata":{"asset_id":"dba4b556-ec66-4893-974c-c811c74621ad","asset_attributes":["data_asset"],"name":"hotelSatisfaction.xlsx","asset_type":"data_asset","created_at":"2021-05-06T16:20:48Z","description":"Customer feedback for a fictitious hotel chain. Includes data such as the gender of the respondent, the reason for their hotel stay, and their feedback.","origin_country":"us","owner_id":"IBMid-27000414FP","project_id":"4a01f283-6e08-4515-8d60-591c723c4a44","size":44004,"tags":[],"usage":{"last_update_time":1620322635155,"last_updated_at":"2021-05-06T17:37:15Z"}},"entity":{"data_asset":{"mime_type":"application/vnd.openxmlformats-officedocument.spreadsheetml.sheet","dataset":false}},"attachments":[{"id":"313cd666-e0a6-4692-b8b3-2cce0f0626c8","version":2,"asset_type":"data_asset","name":"hotelSatisfaction.xlsx","mime":"application/vnd.openxmlformats-officedocument.spreadsheetml.sheet","datasource_type":"193a97c1-4475-4a19-b90c-295c4fdc6517","object_key":"hotelSatisfaction.xlsx","creator_id":"IBMid-27000414FP","create_time":1620318049544,"size":44004,"is_remote":false,"is_managed":false,"is_referenced":true,"is_object_key_read_only":true,"is_user_provided_path_key":true,"transfer_complete":true,"is_partitioned":false,"complete_time_ticks":1620318049544,"user_data":{},"test_doc":0,"handle":{"bucket":"exampleprojectwithtextanalytics-donotdelete-pr-obvytu6dnjbdni","location":"us-geo","key":"hotelSatisfaction.xlsx","upload_id":"done","max_part_num":1},"usage":{"access_count":0,"last_accessor_id":"IBMid-27000414FP","last_access_time":1620318049544}}]}
