{"metadata":{"asset_id":"3b8bfddf-8c9a-4744-85f3-8a0e392911d4","asset_attributes":["data_asset"],"name":"hotelSatisfaction.csv","asset_type":"data_asset","created_at":"2021-05-06T16:20:48Z","description":"Customer feedback for a fictitious hotel chain. Includes data such as the gender of the respondent, the reason for their hotel stay, and their feedback.","origin_country":"us","owner_id":"IBMid-27000414FP","project_id":"4a01f283-6e08-4515-8d60-591c723c4a44","size":58105,"tags":[],"usage":{"last_update_time":1620322667463,"last_updated_at":"2021-05-06T17:37:47Z"}},"entity":{"data_asset":{"mime_type":"text/csv","dataset":false}},"attachments":[{"id":"3ed4e95b-c224-40ca-ab8b-f0529e3ccb75","version":2,"asset_type":"data_asset","name":"hotelSatisfaction.csv","mime":"text/csv","datasource_type":"193a97c1-4475-4a19-b90c-295c4fdc6517","object_key":"hotelSatisfaction.csv","creator_id":"IBMid-27000414FP","create_time":1620318049323,"size":58105,"is_remote":false,"is_managed":false,"is_referenced":true,"is_object_key_read_only":true,"is_user_provided_path_key":true,"transfer_complete":true,"is_partitioned":false,"complete_time_ticks":1620318049323,"user_data":{},"test_doc":0,"handle":{"bucket":"exampleprojectwithtextanalytics-donotdelete-pr-obvytu6dnjbdni","location":"us-geo","key":"hotelSatisfaction.csv","upload_id":"done","max_part_num":1},"usage":{"access_count":0,"last_accessor_id":"IBMid-27000414FP","last_access_time":1620318049323}}]}
